name,price,currency,page,vertical
that exceed in value (excludes vat and multi-buy rates and SDI 500 alloy tubs),200.0,GBP,2,dental
• Spend over and get Electric Motor Sets 16,40.0,GBP,2,automotive
• Spend over and get Dental Chairs 18,100.0,GBP,2,dental
• Spend over and get Autoclaves & Curing Lights 22,200.0,GBP,2,dental
*Minimum spend otherwise postage or courier charges apply,30.0,GBP,2,dental
*Minimum spend otherwise postage or courier charges apply,3.5,GBP,2,dental
*Minimum spend otherwise postage or courier charges apply,5.0,GBP,2,dental
• Lidocaine Hydrochloride 2% with • 4% Articane Hydrochloride with HDEN01 27g Long ULTRAC01 30ml POA,6.95,GBP,3,dental
HDEN02 30g Short,6.95,GBP,3,dental
10 Rate each,6.65,GBP,3,dental
20 Rate each,6.4,GBP,3,dental
• Rapid on-set SEPS1122 50 x 2.2ml Xylonor Gel,20.5,GBP,3,dental
SEPLS22 50 x 2.2ml SEPS1222 50 x 2.2ml before anaesthetic injection,18.95,GBP,3,dental
SEPLS22 50 x 2.2ml SEPS1222 50 x 2.2ml before anaesthetic injection,20.5,GBP,3,dental
10 RATE 10 RATE • Fast acting gives anaesthesia within,17.95,GBP,3,dental
10 RATE 10 RATE • Fast acting gives anaesthesia within,19.5,GBP,3,dental
Septoject SEPXG01 15g Tube,3.79,GBP,3,dental
6 x 15g,21.5,GBP,3,dental
SEPT027L 27g Long,6.99,GBP,3,dental
SEPT030S 30g Short,6.99,GBP,3,dental
"• For producing local or loco-regional DENCSA18 100 x 2.2ml force, resulting in less tissue buccal cavity",37.5,GBP,3,dental
• Rapid on-set DENC18 100 x 2.2ml comfort. metered spray,37.5,GBP,3,dental
• Procedures in upper jaw: 10 RATE SEPEV001 27g short • Fast acting gives anaesthesia within,36.5,GBP,3,dental
• Procedures in upper jaw: 10 RATE SEPEV001 27g short • Fast acting gives anaesthesia within,11.49,GBP,3,dental
• Procedures in lower jaw: SEPEV002 30g long • Spearmint flavoured,11.49,GBP,3,dental
1 - 4 minutes SEPXS01 36g,18.99,GBP,3,dental
SEPSS22 50 x 2.2ml,18.95,GBP,3,dental
10 RATE,17.95,GBP,3,dental
CSA01 2.2ml,10.0,GBP,3,dental
CSA03 1.8ml Sterile single use self aspirating system • Tetrafluoroethane cryo-anaesthetic,10.0,GBP,3,dental
Buy 5 @ each specially designed to prevent needle spray,9.0,GBP,3,dental
Scandonest 3% Plain SEPTUSP27L 27g Long deciduous or periodontally,21.5,GBP,3,dental
SEPTUSP30S 30g Short compromised teeth or to the lancing,21.5,GBP,3,dental
anaesthesia SEPPH01 150ml,22.95,GBP,3,dental
CSA02 2.2ml,15.0,GBP,3,dental
CSA04 1.8ml,15.0,GBP,3,dental
SEPSP22 50 x 2.2ml,18.95,GBP,3,dental
Buy 5 @ each,14.0,GBP,3,dental
10 RATE Aim Safe Finger Guard,17.95,GBP,3,dental
SAPAS01 Guard x 4 SPECBPS01 50ml,10.29,GBP,3,dental
SAPAS01 Guard x 4 SPECBPS01 50ml,16.95,GBP,3,dental
KPAS300100 100pk,0.69,GBP,4,dental
A derivative of Penicillin with a wider KPIBU20084 84pk VOPV01 10ml,1.99,GBP,4,dental
A derivative of Penicillin with a wider KPIBU20084 84pk VOPV01 10ml,18.95,GBP,4,dental
KPIBU40084 84pk,2.39,GBP,4,dental
KPAM25021 21pk250mg Desensitizing Gel,1.49,GBP,4,dental
KMAP50021 21pk 500mg,1.79,GBP,4,dental
KPPAR50032 32pk,0.29,GBP,4,dental
SEPLARG01 125ml,34.95,GBP,4,dental
KPPAR5001232 12 x 32pk,3.25,GBP,4,dental
KPAM250500 500pk,15.95,GBP,4,dental
SOOTH1 4pk,31.5,GBP,4,dental
KPAMSP02 3g x 2,7.95,GBP,4,dental
SEPAP01 12g hydroxide gel for endodontic,31.49,GBP,4,dental
SEPECH01 2.5g,36.95,GBP,4,dental
KPAP25028 28pk,4.5,GBP,4,dental
KPESF01 100ml periodontitis. Use following scaling and,2.05,GBP,4,dental
KPETC01 28pk BLDENT01 5pk,2.5,GBP,4,dental
KPETC01 28pk BLDENT01 5pk,89.9,GBP,4,dental
Cones pack of 2 x 0.3cm3 SEPEP01 14g,45.99,GBP,4,dental
Metronidazole SEPRTRCON Pack SEPEP02 3 x 14g,69.95,GBP,4,dental
Metronidazole SEPRTRCON Pack SEPEP02 3 x 14g,96.16,GBP,4,dental
SEPRTRSY Each SEPEL01 10ml,59.95,GBP,4,dental
SEPRTRSY Each SEPEL01 10ml,14.5,GBP,4,dental
KPMET20021 21pk Duraphat,0.99,GBP,4,dental
KPMET40021 21pk,0.95,GBP,4,dental
KPPENVK250 28pk COLDURA01 10ml SEPTR4 13ml SEPPARSH03 250ml,1.79,GBP,4,dental
KPPENVK250 28pk COLDURA01 10ml SEPTR4 13ml SEPPARSH03 250ml,28.5,GBP,4,dental
KPPENVK250 28pk COLDURA01 10ml SEPTR4 13ml SEPPARSH03 250ml,28.89,GBP,4,dental
KPPENVK250 28pk COLDURA01 10ml SEPTR4 13ml SEPPARSH03 250ml,16.95,GBP,4,dental
med 0.8Ø 2.5mtr,23.95,GBP,5,dental
med 0.8Ø 4mtr,19.35,GBP,5,dental
Ledermix Kit BLLEDKIT01 Pack Racestyptine solution,62.45,GBP,5,dental
No.2 paste BLLEDRP01 5g,44.5,GBP,5,dental
No.3 powder BLLEDP3 3g,24.25,GBP,5,dental
No. 4 hardener fast BLLEDH405 5ml Racegel is a brand new gel specifically,6.6,GBP,5,dental
No. 5 hardener slow BLLEDH505 5ml designed to make gingival preparation,6.6,GBP,5,dental
SEPRACE01 13ml 3 x 1.4g + 20 tips,20.89,GBP,5,dental
SEPRACE01 13ml 3 x 1.4g + 20 tips,64.95,GBP,5,dental
SYBTUBCS01 Pack,34.59,GBP,5,dental
SEPHS01 24pk,32.95,GBP,5,dental
Buy any 6 for,10.5,GBP,5,dental
BLCLOR01 300ml Original,1.95,GBP,5,dental
BLCLOR02 300ml Mint,1.95,GBP,5,dental
SEPBIO01 15 capsules,124.95,GBP,5,dental
12 x 20 packs,19.95,GBP,5,dental
1 x pack 1000,42.95,GBP,5,dental
Full Septodont range available – please ask PLAQ03 liquid 25ml,4.49,GBP,5,dental
ES-30A EC-30TL Latch Fitting,76.53,GBP,6,dental
"E-Type straight handpiece 40,000rpm. EH-20L",24.85,GBP,6,dental
3 Ball Bearing EHN-20L (for NSK),26.04,GBP,6,dental
ES-30A,109.25,GBP,6,dental
EC-30BL EH-50PK,109.25,GBP,6,dental
EC-30BL EH-50PK,24.85,GBP,6,dental
EHN-50PK (for NSK),28.93,GBP,6,dental
ME-20MKIT,315.25,GBP,6,dental
ME-20BKIT E-Type straight handpiece 4:1,315.25,GBP,6,dental
"ME-20MPKIT ESG-30AR 30,000 rpm ball bearing push button Screw In Prophy",378.5,GBP,6,dental
"ME-20MPKIT ESG-30AR 30,000 rpm ball bearing push button Screw In Prophy",138.25,GBP,6,dental
ME-20BPKIT contra EH-50PS,378.5,GBP,6,dental
ME-20BPKIT contra EH-50PS,24.85,GBP,6,dental
EHN-50PS (for NSK),28.93,GBP,6,dental
EC-30BLP,133.0,GBP,6,dental
Buy 3 for each,119.7,GBP,6,dental
EC-30FGP EH-30TL,34.65,GBP,6,dental
EC-20L EC-30GFP,133.0,GBP,6,dental
"EC-20L 30,000 ball bearing for contra angle",62.85,GBP,6,dental
"ME-20B 20,000 rpm 2 hole Motor Buy 3 for each bur",56.56,GBP,6,automotive
EH-30BL,56.85,GBP,6,dental
EHN-30BL (for NSK),56.85,GBP,6,dental
ME-20M 4 HOLE,172.85,GBP,6,dental
ME-20B 2 HOLE,172.85,GBP,6,dental
"Sealed Prophy Screw-in EC-20APS 30,000 ball bearing push button for",120.0,GBP,6,dental
EC-50PS contra angle bur,62.85,GBP,6,dental
"ME-80M 5,000 rpm 4 hole Motor EH-30BLP",75.0,GBP,6,automotive
EHN-30BLP (for NSK),75.0,GBP,6,dental
SHS-EC Handpiece,42.5,GBP,6,dental
2 or 4 hole EC-50PK SHS-EG Handpiece handpiece,65.0,GBP,6,dental
RA-10PK,22.85,GBP,6,dental
ME-80M 4 HOLE Sealed Prophy Snap-on 16:1 Reduction Shank for BDSI,200.57,GBP,6,dental
Buy 3 for each,19.99,GBP,6,dental
ME-80B 2 HOLE EC-50PK SHS-EGG Handpiece,200.57,GBP,6,dental
ME-80B 2 HOLE EC-50PK SHS-EGG Handpiece,62.85,GBP,6,dental
ME-80B 2 HOLE EC-50PK SHS-EGG Handpiece,117.2,GBP,6,dental
TCP450M 4 hole WITH LIGHT,149.0,GBP,7,dental
"TCP450B 2 hole Standard head, 25000 LUX light, 3 port",149.0,GBP,7,dental
"Buy 3 for each spray, 340000 rpm idle speed, ceramic",129.0,GBP,7,dental
TI9500C,249.0,GBP,7,dental
HC7021S Sirona fitting • Adjustable illumination intensity,449.0,GBP,7,home-garden
HC7021K KaVo fitting • Simple installation into any brand of,449.0,GBP,7,dental
TCP200 HC7021W W&H fitting TI9500B new or existing dental unit,449.0,GBP,7,dental
Triple pack • Phatellus optic hoses fit directly to,1215.0,GBP,7,dental
TCP200 resistance,169.0,GBP,7,dental
BUY 3 @ each • Glass fibre optic rod adaptor and PTL-4HP hose,149.0,GBP,7,dental
and get a free connector PTLOP01 Complete Pack,322.89,GBP,7,dental
PTLCM01 Control Module,145.78,GBP,7,dental
PTL4HP01Optic Hose,135.1,GBP,7,dental
TITANIUM LINE couplings PTLAD01 Power adaptor,27.54,GBP,7,dental
WITHOUT LIGHT TI9500BLUX,299.0,GBP,7,dental
TCQJM4 HC5021S Sirona fitting GLOWS OPTIC PACK,359.0,GBP,7,dental
HC5021K KaVo fitting,359.0,GBP,7,dental
HC5021W W&H fitting,359.0,GBP,7,dental
TCQJM4,45.0,GBP,7,dental
Triple pack,969.0,GBP,7,dental
QDJK01,59.0,GBP,7,dental
HC2022MW QDJK02,85.0,GBP,7,dental
mid west fitting,219.0,GBP,7,dental
QDJK03 Light Control Module,109.0,GBP,7,dental
PL325,89.0,GBP,7,dental
PL325A,16.0,GBP,7,dental
As above with 1 port spray couplings PL324C,69.0,GBP,7,dental
rates HC2001B borden fitting QDJKB01 Halogen Complete Pack,219.0,GBP,7,dental
rates HC2001B borden fitting QDJKB01 Halogen Complete Pack,19.95,GBP,7,dental
Triple pack LEDB01 LED PLSET01,590.0,GBP,7,dental
Triple pack LEDB01 LED PLSET01,49.5,GBP,7,dental
Triple pack LEDB01 LED PLSET01,169.0,GBP,7,dental
"Non-optic, latch type for use with Non-optic, push button chuck for use technologies developed throughout FX-65M",149.14,GBP,8,dental
NAC-EC 1:1 Latch Contra Angle Handpiece offers a more secure grip. Stainless,135.15,GBP,8,dental
Handpiece FPBY01 Head only steel material ensures high durability,78.86,GBP,8,dental
Handpiece FPBY01 Head only steel material ensures high durability,83.38,GBP,8,dental
"Buy 3 for each and lighter weight, resulting in excellent",72.79,GBP,8,dental
NAC-Y Head only,36.18,GBP,8,dental
"Non-optic, latch type for use with FFB-EC FX205MM4 4 hole",400.42,GBP,8,dental
CA/RA burs diameter 2.35mm. Contra Angle Handpiece FX205Mb2 2 hole,132.81,GBP,8,dental
CA/RA burs diameter 2.35mm. Contra Angle Handpiece FX205Mb2 2 hole,400.42,GBP,8,dental
BB-EC 1:1 Latch Contra Thermo Disinfector Proof,146.8,GBP,8,dental
Handpiece FFBY01 Head only FX-25M,98.96,GBP,8,dental
Handpiece FFBY01 Head only FX-25M,81.04,GBP,8,dental
BBY01 Head only,47.2,GBP,8,dental
FX-25M,149.14,GBP,8,dental
EX-6B Straight Handpiece,121.17,GBP,8,dental
Contra Angle Handpiece FX205MM4,88.93,GBP,8,dental
Contra Angle Handpiece FX205MM4,257.12,GBP,8,dental
ARECM FX205MB2,257.12,GBP,8,dental
Thermo Disinfector Proof FX-15M,102.91,GBP,8,dental
EC 1:1 EC01,51.78,GBP,8,dental
"ARYS Head only E4R 4:1 Reduction 4:1 reduction up to 10,000 rpm Easy Cartridge Replacement",37.14,GBP,8,automotive
"ARYS Head only E4R 4:1 Reduction 4:1 reduction up to 10,000 rpm Easy Cartridge Replacement",117.06,GBP,8,automotive
E10R 10:1 Reduction FX-15M Cartridges are easily replaced with the,195.09,GBP,8,automotive
E10R 10:1 Reduction FX-15M Cartridges are easily replaced with the,168.17,GBP,8,automotive
"E16R 16:1 Reduction accessory tools provided, helping you",209.03,GBP,8,dental
E64R 64:1 Reduction save on costs and reduce downtime,233.02,GBP,8,dental
AREK01 EMC 1:1 FX57M products from our,65.76,GBP,8,dental
Contra Angle Handpiece ER4M 4:1 Reduction heavily discounted,88.93,GBP,8,dental
Contra Angle Handpiece ER4M 4:1 Reduction heavily discounted,131.04,GBP,8,dental
AREMK ER10M 10:1Reduction,209.08,GBP,8,dental
Thermo Disinfector Proof ER16M 16:1Reduction original and exclusive dustproof prices and we will,102.91,GBP,8,dental
Thermo Disinfector Proof ER16M 16:1Reduction original and exclusive dustproof prices and we will,223.0,GBP,8,dental
ARYK Head only ER64M 64:1Reduction also apply any free,37.14,GBP,8,dental
ARYK Head only ER64M 64:1Reduction also apply any free,262.08,GBP,8,dental
bulk prices on NACYC01 significantly extend the life of the,23.7,GBP,8,dental
Buy 3 for each handpiece. offers – Advised at,22.22,GBP,8,dental
ARYKC01 FX57M,15.53,GBP,8,dental
ARYKC01 FX57M,168.17,GBP,8,dental
TIX95 1:5 Non-optic,643.12,GBP,9,dental
TIX95L 1:5 Optic,816.1,GBP,9,dental
M95 Non-optic,533.06,GBP,9,dental
"M95LOptic 1:5 speed increasing, quattro spray, nano95LS",674.71,GBP,9,dental
Z95L,933.04,GBP,9,dental
M25 Non-optic nano95LS,358.82,GBP,9,dental
M25 Non-optic nano95LS,995.25,GBP,9,dental
Z25L,776.19,GBP,9,dental
M25LOptic nano25LS,546.51,GBP,9,dental
for CA burs 2.35dia max speed DURACOAT. Cellular glass optics. Z15L,840.29,GBP,9,fashion
nano25LS,827.94,GBP,9,dental
"M15 Non-optic For use with CA/RA burs diameter 2,500 rpm max, CA burs 2.35 dia",426.26,GBP,9,dental
M15LOptic 2.35mm. Z10L nano15LS,639.29,GBP,9,dental
M15LOptic 2.35mm. Z10L nano15LS,892.26,GBP,9,dental
"TIX25 1:1 Non-optic 4:1 speed reducing, single spray,",435.82,GBP,9,dental
"Straight Handpiece TIX25L 1:1 Optic 10,000 rpm max, CA burs 2.35 dia",662.35,GBP,9,dental
TIX15 4:1 Non-optic nano15LS,515.98,GBP,9,dental
TIX15 4:1 Non-optic nano15LS,896.3,GBP,9,dental
TIX15L 4:1 Optic nano65LS,717.05,GBP,9,dental
TIX12 10:1 Non-optic,545.55,GBP,9,dental
TIX12L 10:1 Optic,761.4,GBP,9,dental
TIX10 16:1 Non-optic Ti Max Z45L nano65LS,545.55,GBP,9,dental
TIX10 16:1 Non-optic Ti Max Z45L nano65LS,736.31,GBP,9,dental
TIX10L 16:1 Optic 45° angle provides effortless access to In combination with the NLX nano,761.4,GBP,9,dental
M65 Non-optic hard-to-reach molars that a standard motors nano contra angles give the,334.23,GBP,9,automotive
TimaxZ45L,901.94,GBP,9,dental
TIX65 1:1 Non-optic World first - Provides LED illumination from a non optic hose,406.58,GBP,9,dental
TIX65L 1:1 Optic The micro power generator instantly converts non optic Borden 2 hole and Midwest,613.55,GBP,9,dental
SMaxM205 performance is not impaired in any way,381.94,GBP,9,dental
life of the bearings. TIX205L M205LGM4,676.39,GBP,9,dental
life of the bearings. TIX205L M205LGM4,676.39,GBP,9,dental
• ISB Turbine SXMUO3,119.52,GBP,10,dental
• Cellular Glass Optics SXSUO3,119.52,GBP,10,dental
• Ceramic Bearings SXMUO3,119.52,GBP,10,dental
Pana Max • Clean Head System LED Light SXSUO3,119.52,GBP,10,dental
"Screw on type high speed turbine, • Push Button Chuck For NSK with water volume adjuster Buy 3 for each",112.05,GBP,10,dental
"clean head system, ultra push chuck, • Quattro Spray PTL-CL-LEDIII",162.02,GBP,10,dental
"standard and torque heads. Suitable for KaVo®, and Sirona® PTL-CL-LED Torque",145.62,GBP,10,home-garden
NPAT03,81.32,GBP,10,dental
PAXSUM4 Midwest 4 Hole • Non optic versions available for NPAS03,216.22,GBP,10,dental
PAXSUM4 Midwest 4 Hole • Non optic versions available for NPAS03,81.32,GBP,10,dental
PAXSUB2 Borden 2 Hole KaVo®and W&H®couplings Mini,216.22,GBP,10,dental
NPAM03,81.32,GBP,10,dental
"PAXTUM4 Midwest 4 Hole Sirona®, W&H®and Bien Air® KCL-LED Buy 3 for each",216.22,GBP,10,dental
"PAXTUM4 Midwest 4 Hole Sirona®, W&H®and Bien Air® KCL-LED Buy 3 for each",76.24,GBP,10,dental
PAXTUB2 Borden 2 Hole For KaVo®and MULTIflex®LUX with,216.22,GBP,10,dental
KCL-LED,229.66,GBP,10,dental
TiMU03,119.52,GBP,10,dental
SCL-LED for Sirona®,229.66,GBP,10,dental
Mini (500) head power 16W TiSU03,119.52,GBP,10,dental
Speed 380000-450000 rpm TiTU03,119.52,GBP,10,dental
Size 10.6dia x 12.5H Buy 3 for each,112.05,GBP,10,dental
All non optic versions,467.5,GBP,10,dental
PAXPSUM4 Midwest 4 Hole NCHSU,230.1,GBP,10,dental
PAXPSUM4 Midwest 4 Hole NCHSU,119.52,GBP,10,dental
All optic versions,501.58,GBP,10,dental
PAXPSUB2 Borden 2 Hole NCHTU,230.1,GBP,10,dental
PAXPSUB2 Borden 2 Hole NCHTU,119.52,GBP,10,dental
Torque Head - Size 12.1dia x 13.5H FM-CL-M4 Buy 3 for each,112.05,GBP,10,dental
PAXPTUM4 Midwest 4 Hole,230.1,GBP,10,dental
PAXPTUB2 Borden 2 Hole Pana-Air Ultra Push,230.1,GBP,10,dental
Ti-MAX X SERIES FMCLM4,97.03,GBP,10,dental
TURBINES NPATU03 Torque,119.52,GBP,10,dental
NPASU03 Standard,119.52,GBP,10,dental
NSK’s Premium Series Turbines 2/3 HOLE BORDEN NPAMU03 Mini,119.52,GBP,10,dental
• Titanium Body with Scratch NON OPTICAL FITTING Buy 3 for each,112.05,GBP,10,dental
QD couplings • Clean Head System FM-CL-B NMCTU03 Torque,119.52,GBP,10,dental
Standard Head - Size 10.6dia x 12.5H • Push Button Chuck Stainless Steel Body. NMCSU03 Standard,119.52,GBP,10,dental
PAXQDSU • Quattro Spray FMCLB NMCMU03 Mini,256.39,GBP,10,dental
PAXQDSU • Quattro Spray FMCLB NMCMU03 Mini,97.03,GBP,10,dental
PAXQDSU • Quattro Spray FMCLB NMCMU03 Mini,119.52,GBP,10,dental
Buy 3 for each,112.05,GBP,10,dental
PAXQDTU • 3 head sizes available,256.39,GBP,10,dental
Connects Borden handpieces to Mid FBRO01,25.58,GBP,10,dental
ADAPT01 B to MW FBRO02,39.95,GBP,10,dental
ADAPT01 B to MW FBRO02,25.58,GBP,10,dental
ADAPT02 MW to B Buy a 3 pack for,39.95,GBP,10,dental
ADAPT02 MW to B Buy a 3 pack for,61.4,GBP,10,dental
QDJC01,77.62,GBP,10,dental
QDJC02 All optic versions,77.62,GBP,10,dental
QDJC02 All optic versions,677.62,GBP,10,dental
QDJNLED,99.0,GBP,10,dental
"Used together, the MX2 and Micro- RRP save 25%",183.0,GBP,12,dental
"Used together, the MX2 and Micro- RRP save 25%",137.25,GBP,12,dental
RRP only,267.0,GBP,12,dental
RRP only,226.95,GBP,12,dental
RRP save 25% end of the day. 12 months warranty BAUNI03,737.0,GBP,12,dental
RRP save 25% end of the day. 12 months warranty BAUNI03,552.75,GBP,12,dental
RRP save 25%,183.0,GBP,12,dental
RRP save 25%,137.25,GBP,12,dental
RRP save 25% RRP only,933.0,GBP,12,dental
RRP save 25% RRP only,699.75,GBP,12,dental
RRP save 25% RRP only,357.0,GBP,12,dental
RRP save 25% RRP only,303.45,GBP,12,dental
RRP save 25% RRP only,994.0,GBP,12,dental
RRP save 25% RRP only,745.5,GBP,12,dental
RRP save 25% RRP only,425.0,GBP,12,dental
RRP save 25% RRP only,361.25,GBP,12,dental
RRP only,1125.0,GBP,12,dental
RRP only,956.25,GBP,12,dental
BAMCA1L 1:1 direct RRP save 25%,700.0,GBP,12,dental
BAMCA1L 1:1 direct RRP save 25%,525.0,GBP,12,dental
RRP save 25%,867.0,GBP,12,dental
RRP save 25%,650.25,GBP,12,dental
RRP save 25% RRP 25% off,493.0,GBP,12,dental
RRP save 25% RRP 25% off,369.75,GBP,12,dental
RRP save 25% RRP 25% off,901.0,GBP,12,dental
RRP save 25% RRP 25% off,675.75,GBP,12,dental
RRP only,1033.0,GBP,12,dental
RRP only,774.75,GBP,12,dental
RRP only,2450.0,GBP,12,dental
RRP only,1837.5,GBP,12,dental
RRP save 25% For smaller head Prestige range Electric Motors,1040.0,GBP,12,automotive
RRP save 25% For smaller head Prestige range Electric Motors,780.0,GBP,12,automotive
RRP save 25% details of,755.0,GBP,12,dental
RRP save 25% details of,566.25,GBP,12,dental
"RRP save 25% Standard head, dual optics glass rod, Bien Air®",500.0,GBP,12,dental
"RRP save 25% Standard head, dual optics glass rod, Bien Air®",375.0,GBP,12,dental
BACA1L 1:1 direct RRP 25% off,1050.0,GBP,12,dental
BACA1L 1:1 direct RRP 25% off,787.5,GBP,12,dental
RRP save 25% special,867.0,GBP,12,dental
RRP save 25% special,650.25,GBP,12,dental
RRP save 25% RRP 25% off promotions,1040.0,GBP,12,dental
RRP save 25% RRP 25% off promotions,780.0,GBP,12,dental
RRP save 25% RRP 25% off promotions,2900.0,GBP,12,dental
RRP save 25% RRP 25% off promotions,2175.0,GBP,12,dental
RRP save 25% RRP save 25% available at same rates as above,1109.0,GBP,12,dental
RRP save 25% RRP save 25% available at same rates as above,831.75,GBP,12,dental
RRP save 25% RRP save 25% available at same rates as above,493.0,GBP,12,dental
RRP save 25% RRP save 25% available at same rates as above,369.75,GBP,12,dental
TEQ-E10R shank files,285.33,GBP,13,dental
TEQ-E 1.1 MPAF16R 20:1 Reduction implant handpiece,151.95,GBP,13,dental
TEQ-E 1.1 MPAF16R 20:1 Reduction implant handpiece,252.2,GBP,13,dental
TEQ-ER10M (TD) Surgic Pro Surgical,298.4,GBP,13,medical
torque calibration enabling optimum SG-20,628.91,GBP,13,dental
"for hand files 1/4 Turn Endodontic with MPASF16R 8programs, motor speed 200-40000.",252.2,GBP,13,dental
TEP-E10R reduction handpiece,285.37,GBP,13,dental
TEP-E10RM (+D) Cordless and portable with SURGPRO1 RRP POA,298.38,GBP,13,home-garden
TEP-E10RM (+D) Cordless and portable with SURGPRO1 RRP POA,3493.0,GBP,13,home-garden
SURGPRO2 RRP POA,4680.0,GBP,13,dental
360º rotation for engine files. ENDOMATE TC2 PACK,999.82,GBP,13,automotive
With Apex locator head,1091.12,GBP,13,dental
MPER64,303.65,GBP,13,dental
X-SG20L 20:1 reduction,745.0,GBP,13,dental
2.35mm 1:1 direct drive. X-SG25L 1:1 direct,571.74,GBP,13,dental
"128:1 Reduction, Miniature Head. 360º SGS-ES",292.37,GBP,13,dental
EXEND0128 Auto-detects the apex accurately in any SGS-E2,386.69,GBP,13,automotive
EXEND0128 Auto-detects the apex accurately in any SGS-E2,698.16,GBP,13,automotive
precisely detect the location of the IMPLANT HANDPIECES X-SG93L 1:3 increasing,711.41,GBP,13,dental
Ti-ENDO provides the precise torque iPEX PACK,593.57,GBP,13,dental
Ti-ENDO ⁰,557.43,GBP,13,dental
"Works equally well in wet or dry SGM-ER20i 20:1 Straight 1:1 drive, titanium body with",345.86,GBP,13,dental
"conditions, sound alarm indicates SGM-ER16i 16:1 scratch resistant Duracoat, cellular",346.36,GBP,13,fashion
"location of apex, adjustable sound SGM-ER32i 32:1 glass optics, for HP burs 2.35ø and CA",375.39,GBP,13,home-garden
"volume. Unit supplied with 4 lip hooks, SGM-ER64i 64:1 burs 2.35ø (with supplied bur stopper),",375.39,GBP,13,dental
"\16:1 Reduction, miniature head, for 2 apex fire holders 2 apex probe leads SGM-ER256i 256:1 external cooling, max speed",398.49,GBP,13,dental
MPF16R DENAP01 depth indicator TiSG65L 1:1,192.19,GBP,13,dental
MPF16R DENAP01 depth indicator TiSG65L 1:1,215.0,GBP,13,dental
MPF16R DENAP01 depth indicator TiSG65L 1:1,515.32,GBP,13,dental
MPF16R DENAP01 depth indicator TiSG65L 1:1,545.43,GBP,13,dental
HPN01(Multiflex) Care3 Plus to facilitate handpiece,5.95,GBP,14,dental
HPN02(Quick) maintenance at your office. Care3 Plus,5.95,GBP,14,automotive
HPN03(Pointed) automatically cleans and lubricates up,5.95,GBP,14,automotive
Buy 3 for to 3 handpieces at one time with the,15.0,GBP,14,dental
• Ergonomic hand piece TKP01 1 CAN and durability. Apply Pana,5.8,GBP,14,dental
• Durable 6 CANS each Spray Plus every time before autoclaving,5.65,GBP,14,automotive
• User friendly interface 12 CANS each any handpiece or air motor.,5.25,GBP,14,dental
• 10 preset options PANASPRAY 500ml can,21.24,GBP,14,dental
ARTIM1 PANASPRAYOIL,2350.0,GBP,14,automotive
HANDPIECE OIL 6 x 500ml cans,114.65,GBP,14,dental
OILN003 the unit,9.4,GBP,14,automotive
cutting capacity shortens treatment OILN001 ensures optimum lubrication of the,9.4,GBP,14,automotive
• Stand aloneThe quality efficient OILN06 care cycle CARE3Plus C1,9.4,GBP,14,automotive
• Stand aloneThe quality efficient OILN06 care cycle CARE3Plus C1,1427.06,GBP,14,automotive
and cooling and eliminates the need OILN05 integrated detergent and foaming oil CARE3Plus C2,1503.08,GBP,14,automotive
"Osteotome, Tiny round Osteotomy, OILN05 •Optimum cleaning: With the including E type available",9.4,GBP,14,automotive
at each,72.78,GBP,14,dental
ARTOP1 Set OILN02 QUAT2104 POA Care3oil,2250.0,GBP,14,automotive
ARTOP1 Set OILN02 QUAT2104 POA Care3oil,9.4,GBP,14,automotive
ARTOP1 Set OILN02 QUAT2104 POA Care3oil,59.87,GBP,14,automotive
AS2000B,327.18,GBP,15,dental
Universal Type Tip Midwest 4 hole fitting Air powered tooth polishing system.,510.0,GBP,15,dental
AS2000M • Excellent weight balance,327.18,GBP,15,dental
TITANG,24.0,GBP,15,dental
TITANTS Sickle tip,42.5,GBP,15,dental
Universal TITANTU Universal tip,42.5,GBP,15,dental
TITANTP Perio tip,42.5,GBP,15,dental
with push on silicone protector. PMN01 Set,657.41,GBP,15,dental
AIRSCALE01 Perio S3,199.0,GBP,15,dental
AIRSCALE03 Universal tip,31.25,GBP,15,dental
AIRSCALE04 Sickle tip,31.25,GBP,15,dental
AIRSCALE05 Perio tip,31.25,GBP,15,dental
AS2000TIP1,48.0,GBP,15,dental
Buy 3 tips for each Prophy 300 Air,27.5,GBP,15,dental
AS2000TIP2,48.0,GBP,15,dental
"AS2000TIP3 Economical stain and plaque remover,",48.0,GBP,15,dental
"Solid titanium body. 3 Level power ring, 6000, Hz elliptical movement, complete PROP300B2",199.0,GBP,15,dental
"S1,S2,S3 wrench and cover. Available Non optic PROP300M4",199.0,GBP,15,dental
S950 KAVOSF05 Universal No.5 Flash Pearl,687.25,GBP,15,dental
S950 KAVOSF05 Universal No.5 Flash Pearl,85.0,GBP,15,dental
Optic KASVOFG06 SICKLE No.6,85.0,GBP,15,dental
S950L KAVOSF07 Perio No.7,802.75,GBP,15,dental
S950L KAVOSF07 Perio No.7,85.0,GBP,15,dental
"design, easy maintenance with FLASHPS",117.92,GBP,15,dental
GK1 Universal,35.0,GBP,15,dental
plaque are quickly erased FLASHPB,85.69,GBP,15,dental
GK2 Interproximal,35.0,GBP,15,dental
GK3 Perio,35.0,GBP,15,dental
GK4 Longer tip Perio,35.0,GBP,15,dental
PROP600B2,195.0,GBP,15,dental
Buy 3 for each Midwest,30.0,GBP,15,dental
PROP600M4 130g bottle,195.0,GBP,15,dental
Replacement Tip PLP01,7.95,GBP,15,dental
PROTIP 6 Rate,30.0,GBP,15,dental
PROTIP 6 Rate,6.95,GBP,15,dental
ULTRASONIC PIEZO STYLE SCALERS Buy any 3 tips below each,25.0,GBP,16,dental
WOOD14 EMS,30.0,GBP,16,dental
WOOD22 Satelec and NSK,30.0,GBP,16,dental
"SATP5NEW • Autoclavable Satelec®style peroxide,chlorhexidine and sodium To remove supragingival heavy calculus.",959.2,GBP,16,automotive
As above but with LED handpiece handpiece hypochlorite via the water bottle system WOOD15 EMS,30.0,GBP,16,dental
SATP5NEWLED • Vibration frequency 28kHz WOOD23 Satelec and NSK,1263.2,GBP,16,dental
SATP5NEWLED • Vibration frequency 28kHz WOOD23 Satelec and NSK,30.0,GBP,16,dental
Satelec Scaler Handpiece WOOD17,399.0,GBP,16,dental
SATHPKIT WOOD18 DTE-D7,210.0,GBP,16,dental
SATHPKIT WOOD18 DTE-D7,399.0,GBP,16,dental
WOOD05 EMS,30.0,GBP,16,dental
WOOD24 Satelec and NSK,30.0,GBP,16,dental
• EMS style handpiece WOOD13 EMS,30.0,GBP,16,dental
• Detachable autoclavable handpiece WOOD25 Satelec and NSK,30.0,GBP,16,dental
SATN02,54.95,GBP,16,dental
"SAT04 complete with 6 tips: 2 x GD1, 1 x WOOD01 P1/PD1",54.95,GBP,16,dental
"SAT04 complete with 6 tips: 2 x GD1, 1 x WOOD01 P1/PD1",319.0,GBP,16,dental
SAT1S,54.95,GBP,16,dental
WOOD16 EMS,30.0,GBP,16,dental
WOOD31,295.0,GBP,16,dental
Interproximal recommended for the WOOD20 Satelec,30.0,GBP,16,dental
SAT03,54.95,GBP,16,dental
WOOD28 WOOD04 EMS,349.0,GBP,16,dental
WOOD28 WOOD04 EMS,30.0,GBP,16,dental
WOOD21 Satelec,30.0,GBP,16,dental
WOOD19,144.0,GBP,16,dental
"autoclavable box tips: 2 universal, 1 flat chisel, 1 round Compatible with Woodpecker and EMS WOOD09 EMS",30.0,GBP,16,automotive
ARTMB325K flat and tip changer scaler. WOOD32 Satelec and NSK,399.0,GBP,16,dental
ARTMB325K flat and tip changer scaler. WOOD32 Satelec and NSK,30.0,GBP,16,dental
ARTMB330K ARTP6 WOOD02 WOOD12 6 x U Files Size 25,399.0,GBP,16,dental
ARTMB330K ARTP6 WOOD02 WOOD12 6 x U Files Size 25,299.0,GBP,16,dental
ARTMB330K ARTP6 WOOD02 WOOD12 6 x U Files Size 25,144.0,GBP,16,dental
ARTMB330K ARTP6 WOOD02 WOOD12 6 x U Files Size 25,7.5,GBP,16,dental
Buy any 3 tips below each ULTRASONIC INSERT STYLE SCALERS,25.0,GBP,17,dental
ART MB3 25K,379.0,GBP,17,dental
ART MB3 30K,379.0,GBP,17,dental
WOOD33 EMS,30.0,GBP,17,dental
WOOD34 Satelec and NSK,30.0,GBP,17,dental
ART25INS04 ART25INS05,40.0,GBP,17,dental
ART25INS04 ART25INS05,40.0,GBP,17,dental
ARTTIPS1 magnetostrictive ultrasonic scaler 30K UNIVERSAL METAL INSERT 30K UNIVERSAL METAL SLIM INSERT,30.0,GBP,17,dental
ART30INS04 ART30INS05,40.0,GBP,17,dental
ART30INS04 ART30INS05,40.0,GBP,17,dental
"ARTTIPSE1 pump, simple and precise control,",30.0,GBP,17,dental
ARTTIPS2,30.0,GBP,17,dental
motor. Unit supplied with 2 universal CAV25KTB ART25INS02,40.0,GBP,17,automotive
motor. Unit supplied with 2 universal CAV25KTB ART25INS02,40.0,GBP,17,automotive
ARTTIPE2,30.0,GBP,17,dental
ARTM3II25K (25k) CAV30KTB ART30INS02,495.0,GBP,17,dental
ARTM3II25K (25k) CAV30KTB ART30INS02,40.0,GBP,17,dental
ARTM3II25K (25k) CAV30KTB ART30INS02,40.0,GBP,17,dental
ARTTIPS3,30.0,GBP,17,dental
ARTTIPE3 25K UNIVERSAL INSERT 25K SLIM INSERT,30.0,GBP,17,dental
ART25INS01 ART25INS03,40.0,GBP,17,dental
ART25INS01 ART25INS03,40.0,GBP,17,dental
ART30INS01 ART30INS03,40.0,GBP,17,dental
ART30INS01 ART30INS03,40.0,GBP,17,dental
Buy any 3 of the above for each,36.0,GBP,17,dental
WOOD08 Ultrasonic Scaling Unit,14.95,GBP,17,dental
CAV103 Each Replacement O Rings,2.5,GBP,17,dental
WOOD07 power setting and operation mode,15.0,GBP,17,dental
ART325 (25k),325.0,GBP,17,dental
ART330 (30k),325.0,GBP,17,dental
1/4ADAPT2,10.0,GBP,17,dental
1/4ADAPT3,10.0,GBP,17,dental
worktop footprint. ARTSPA25K insert only,40.0,GBP,17,dental
Buy a pair for,18.0,GBP,17,dental
ELDENT01 ARTSPA30K ARTENDO120,399.0,GBP,17,dental
ELDENT01 ARTSPA30K ARTENDO120,40.0,GBP,17,dental
ELDENT01 ARTSPA30K ARTENDO120,40.0,GBP,17,dental
NLXSET01,1536.74,GBP,18,dental
PLPS680,695.0,GBP,18,dental
PLIWS6801 any brand of “E” fitting micro-motor.,595.0,GBP,18,automotive
MC3LED for only,624.75,GBP,18,dental
MC3LED for only,399.0,GBP,18,dental
"solution. The pH shock, so induced, PLEWS6802",435.0,GBP,18,dental
system and removal of all residues no M40LED,661.98,GBP,18,dental
matter how stubborn. Ensure all M40N non optic,415.99,GBP,18,dental
• Foot speed controller ANTH02,16.95,GBP,18,dental
• 4000-20000 rpm ANTH03,16.95,GBP,18,dental
Data Sheets LXC-12V02 MX2-LED ANTH04,330.0,GBP,18,dental
Data Sheets LXC-12V02 MX2-LED ANTH04,620.25,GBP,18,dental
Data Sheets LXC-12V02 MX2-LED ANTH04,39.95,GBP,18,dental
ALP001 BRS full starter kit LXC-12V01 ANTH05,99.5,GBP,18,dental
ALP001 BRS full starter kit LXC-12V01 ANTH05,260.0,GBP,18,dental
ALP001 BRS full starter kit LXC-12V01 ANTH05,39.95,GBP,18,dental
ALP002 Alpron 1L refill Table Top Controller Set of 4 wires,37.5,GBP,18,home-garden
ALP003 Alpron 5L refill LXC-125 ANTH06,149.5,GBP,18,dental
ALP003 Alpron 5L refill LXC-125 ANTH06,156.2,GBP,18,dental
ALP003 Alpron 5L refill LXC-125 ANTH06,34.95,GBP,18,dental
kit alone Motor Only ANTH07,59.5,GBP,18,automotive
kit alone Motor Only ANTH07,34.95,GBP,18,automotive
ALP005 Dip Slide LB-20EMJ (Jack) Set spare wires 2 x 150mm,5.5,GBP,18,dental
ALP005 Dip Slide LB-20EMJ (Jack) Set spare wires 2 x 150mm,129.8,GBP,18,dental
ALP006 Dip Slide Pack 10 LB-20EM (Din) MCX-LED ANTH08,39.95,GBP,18,dental
ALP006 Dip Slide Pack 10 LB-20EM (Din) MCX-LED ANTH08,129.8,GBP,18,dental
ALP006 Dip Slide Pack 10 LB-20EM (Din) MCX-LED ANTH08,561.0,GBP,18,dental
ALP006 Dip Slide Pack 10 LB-20EM (Din) MCX-LED ANTH08,34.95,GBP,18,dental
"Assistant stool, 12"" gas lift with SRS08",235.0,GBP,19,dental
"GRA14 free float action, lockable position, foot-",265.0,GBP,19,dental
SRA07,325.0,GBP,19,dental
GRS13,225.0,GBP,19,dental
SRS07,295.0,GBP,19,dental
F1STOOL01,270.0,GBP,19,dental
GRA11 SRA09,270.0,GBP,19,dental
GRA11,215.0,GBP,19,dental
"GRS12 Surgeon saddle stool, ergonomically",175.0,GBP,19,dental
"F1PONY designed to retain correct posture, tilt",325.0,GBP,19,dental
Available in Fimet GMS10,315.0,GBP,19,dental
SRA05,335.0,GBP,19,dental
Classic Flat Bed chair Soft Knee Break chair,3950.0,GBP,20,home-garden
Classic Flat Bed chair Soft Knee Break chair,3825.0,GBP,20,home-garden
Mobile cart made in USA ASPI06 TRID02,1665.0,GBP,22,automotive
Mobile cart made in USA ASPI06 TRID02,1395.0,GBP,22,automotive
ASPI07,2025.0,GBP,22,dental
BECART01,1650.0,GBP,22,automotive
FCCB with adaptors 1.3mts,140.0,GBP,22,dental
Wall mounted version Fimet mobile cart available as part of a CAT21 11mm,24.0,GBP,22,automotive
BEWALL01 Fimet package. CAT22 16mm,1850.0,GBP,22,dental
BEWALL01 Fimet package. CAT22 16mm,24.0,GBP,22,dental
• Standard main power • HTM 2030 and HTM 01-05 compliant 3EZYME 4 litre,62.5,GBP,23,dental
MAXIM05 5 Litre,42.5,GBP,23,dental
MDCK25 25 pack,55.0,GBP,23,dental
PICO XXL 2 x 25 pack,99.5,GBP,23,dental
4 x 25 pack AWT01 2 x 0.5L,195.0,GBP,23,dental
4 x 25 pack AWT01 2 x 0.5L,30.45,GBP,23,dental
AWT02 6 x 0.5L,78.75,GBP,23,dental
MDCKINC,149.0,GBP,23,dental
PICO Pioneer AUTO01SEAL1 each,30.6,GBP,23,automotive
Economy model. As the Pico Flush model without the MEDIPCD AUTO01SEAL pack 4,111.51,GBP,23,automotive
handpiece manifold. 1 x PCD and 10 CEI test strips EXTENDED CAPACITY MODELS & ACCESSORIES,89.25,GBP,23,dental
PICO04 POA MEDICEI10 CEI 10 pack strips AVAILABLE ON REQUEST,47.25,GBP,23,dental
touchscreen display CU100A,179.0,GBP,24,dental
• Sterilizing temp 134° to 138° for light SELEBU,21.5,GBP,24,dental
CU100ALG,49.0,GBP,24,dental
ULTRA1800E Radiical and Radiiplus,395.0,GBP,24,dental
RADIIC01 Cal light,395.0,GBP,24,dental
RADIP01 Plus light,565.0,GBP,24,dental
ACUA12B sterilisers handpiece,3250.0,GBP,24,dental
• Easy to record and interpret small hands RADIIP06 bleach arch kit,249.0,GBP,24,dental
MEDBD01 • Built-in light check in the charger RADIIP07 bleach arch stand,59.95,GBP,24,dental
pack 20 sheets • 5 second audible bleep for “eyes- Light Meter,54.6,GBP,24,dental
ULTRA1000E,325.0,GBP,24,dental
and chiropody surgeries 134 C 3 mins x 100 LED-C MET200,13.5,GBP,24,dental
and chiropody surgeries 134 C 3 mins x 100 LED-C MET200,59.95,GBP,24,dental
ACUA4 MEDSAT01 19mm x 50mts LEDC WOOD29,2395.0,GBP,24,dental
ACUA4 MEDSAT01 19mm x 50mts LEDC WOOD29,2.6,GBP,24,dental
ACUA4 MEDSAT01 19mm x 50mts LEDC WOOD29,149.0,GBP,24,dental
ACUA4 MEDSAT01 19mm x 50mts LEDC WOOD29,185.0,GBP,24,dental
"sensor driver. UltiMax works with Windows XP, Vista and Seven both 32 and 64bit versions ORAC01",395.0,GBP,25,dental
ORAC011,49.5,GBP,25,dental
lOX3l RRP IOX32 RRP lOX33 RRP,3995.0,GBP,25,dental
lOX3l RRP IOX32 RRP lOX33 RRP,4795.0,GBP,25,dental
lOX3l RRP IOX32 RRP lOX33 RRP,7495.0,GBP,25,dental
VIEW01 capsules. Speed 4200opm. Italian • Economical Alginate Mixer,120.0,GBP,26,dental
please ring ALMT01 • 15 minute timer • Mixing free from bubbles and lumps,195.0,GBP,26,dental
U95 ALGMIX01,215.0,GBP,26,dental
U95 ALGMIX01,149.0,GBP,26,dental
U300,349.0,GBP,26,dental
VIEW02 • Digital LED shows speed and time,79.5,GBP,26,dental
"ALMTG7 (W x D x H) • 5"" lens with cover",159.0,GBP,26,dental
MAGNIFY01,34.95,GBP,26,dental
at over . Validation:• Dual cycle traceability SEALING MACHINE,20.0,GBP,26,dental
WTD01 Distiller • SD port for digital cycle traceability,199.0,GBP,26,dental
WTD02 Cleaner Ultramat 2 • Integral printer provides hard copy,11.99,GBP,26,dental
WTD03 Storage Jar validation:,15.0,GBP,26,dental
WTD04 Charcoal Sachets High precision microprocessor - Practice & Operator names,10.9,GBP,26,dental
ALMT03 • NP143 Scottish Contract approved,295.0,GBP,26,dental
• Monopolar unit cleaning SPSM01,249.0,GBP,26,dental
ARTE101 ARTE103 HYGEA2 See page 46 for sterilisation rolls,399.0,GBP,26,dental
ARTE101 ARTE103 HYGEA2 See page 46 for sterilisation rolls,75.0,GBP,26,dental
ARTE101 ARTE103 HYGEA2 See page 46 for sterilisation rolls,1995.0,GBP,26,dental
BDS133,2.9,GBP,27,dental
CSA01 2.2ml,10.0,GBP,27,dental
CSA03 1.8ml,10.0,GBP,27,dental
Forceps Kit Contains: Buy 5 @ each,9.0,GBP,27,dental
3 Tray Setting Contains: • 308 Upper Anterior Roots BDS139,2.9,GBP,27,dental
• 6 Excavators • 330 Left Upper Molars BDS140 Self Aspirating,2.9,GBP,27,dental
"• 1 Box of Mirror Heads • 349 Lower Incisors, Canines CSA02 2.2ml",15.0,GBP,27,dental
• 3 Mirror Handles ~ 3 Ball Burnishers & Premolars CSA04 1.8ml,15.0,GBP,27,dental
Buy 5 @ each,14.0,GBP,27,dental
KIT1 All for KIT2 All for BDS141,99.5,GBP,27,dental
KIT1 All for KIT2 All for BDS141,110.0,GBP,27,dental
KIT1 All for KIT2 All for BDS141,2.9,GBP,27,dental
Full Surgery Kit Contains: BDS155,2.9,GBP,27,medical
• Non and Self Aspirating Cartridge Syringes BDS156,2.9,GBP,27,medical
• Elevators (Kit of 3) BBF01,1.95,GBP,27,dental
BDS157,2.9,GBP,27,dental
KIT3 All for BBS02 Item 433 LE-CRON,267.5,GBP,27,dental
KIT3 All for BBS02 Item 433 LE-CRON,3.95,GBP,27,dental
BDS433,2.9,GBP,27,dental
Item 146 155 HOPSON DYAP01,3.15,GBP,27,dental
ARTF01 BDS146,7.3,GBP,27,dental
ARTF01 BDS146,2.9,GBP,27,dental
Straight AMC01 BDS119 BDS413,2.9,GBP,27,dental
Straight AMC01 BDS119 BDS413,7.9,GBP,27,dental
Buy one at,5.9,GBP,27,dental
BDS99 Item 167 1AM-PAT Couplands 2,2.9,GBP,27,dental
Buy 6 at each,5.7,GBP,27,dental
Buy 12 at each BDS167 BDS414,5.6,GBP,27,dental
Buy 12 at each BDS167 BDS414,2.9,GBP,27,dental
Buy 12 at each BDS167 BDS414,7.9,GBP,27,dental
Straight TIP AMCT01 Item 100,2.25,GBP,27,dental
45 Degree TIP AMCT02 Blacks serrated Item 168 1LAM-PAT Couplands 3,2.25,GBP,27,dental
90 Degree TIP AMCT03 BDS100 BDS168 BDS415,2.25,GBP,27,dental
90 Degree TIP AMCT03 BDS100 BDS168 BDS415,2.9,GBP,27,dental
90 Degree TIP AMCT03 BDS100 BDS168 BDS415,2.9,GBP,27,dental
90 Degree TIP AMCT03 BDS100 BDS168 BDS415,7.9,GBP,27,dental
BDS407 BDS39,7.9,GBP,28,dental
BDS407 BDS39,2.9,GBP,28,dental
BDS321 BDS338,12.95,GBP,28,dental
BDS321 BDS338,12.95,GBP,28,dental
BDS406 BDS40,7.9,GBP,28,dental
BDS406 BDS40,2.9,GBP,28,dental
Hospital Pattern Right BDS41 BDS322 BDS340,2.9,GBP,28,medical
Hospital Pattern Right BDS41 BDS322 BDS340,12.95,GBP,28,medical
Hospital Pattern Right BDS41 BDS322 BDS340,12.95,GBP,28,medical
BDS393,7.9,GBP,28,dental
BDS42,2.9,GBP,28,dental
BDS394,7.9,GBP,28,dental
BDS324 BDS342,12.95,GBP,28,dental
BDS324 BDS342,12.95,GBP,28,dental
BDS48,2.9,GBP,28,dental
BDS384,7.9,GBP,28,dental
BDS49 BDS326 BDS345,2.9,GBP,28,dental
BDS49 BDS326 BDS345,12.95,GBP,28,dental
BDS49 BDS326 BDS345,12.95,GBP,28,dental
BDS385,7.9,GBP,28,dental
Pereosteal 411 BDS329 BDS349,12.95,GBP,28,dental
Pereosteal 411 BDS329 BDS349,12.95,GBP,28,dental
BDS411,7.9,GBP,28,dental
BDS308,12.95,GBP,28,dental
BDS412,7.9,GBP,28,dental
BDS330 BDS351,12.95,GBP,28,dental
BDS330 BDS351,12.95,GBP,28,dental
Warwick James RIGHT BDS310,12.95,GBP,28,dental
BDS381,7.9,GBP,28,dental
Warwick James LEFT Upper Anterior 29S BDS335 BDS354,12.95,GBP,28,dental
Warwick James LEFT Upper Anterior 29S BDS335 BDS354,12.95,GBP,28,dental
BDS382 BDS311,7.9,GBP,28,dental
BDS382 BDS311,12.95,GBP,28,dental
BDS383,7.9,GBP,28,dental
BDS314 BDS336 BDS355,12.95,GBP,28,dental
BDS314 BDS336 BDS355,12.95,GBP,28,dental
BDS314 BDS336 BDS355,12.95,GBP,28,dental
BDS38 BDS319 BDS337 BDS359,2.9,GBP,28,dental
BDS38 BDS319 BDS337 BDS359,12.95,GBP,28,dental
BDS38 BDS319 BDS337 BDS359,12.95,GBP,28,dental
BDS38 BDS319 BDS337 BDS359,12.95,GBP,28,dental
Spend over on BDS instruments,40.0,GBP,28,dental
BDS373 LX3C LX5C,12.95,GBP,29,dental
BDS373 LX3C LX5C,22.95,GBP,29,dental
BDS373 LX3C LX5C,22.95,GBP,29,dental
BDS364 BDS374 LX3CA LX3S,12.95,GBP,29,dental
BDS364 BDS374 LX3CA LX3S,12.95,GBP,29,dental
BDS364 BDS374 LX3CA LX3S,22.95,GBP,29,dental
BDS364 BDS374 LX3CA LX3S,22.95,GBP,29,dental
BDS375 LX1C LX5S,12.95,GBP,29,dental
BDS375 LX1C LX5S,22.95,GBP,29,dental
BDS375 LX1C LX5S,22.95,GBP,29,dental
BDS365,12.95,GBP,29,dental
Childs Upper Incisor Canines 37 LX2S LX1S,22.95,GBP,29,dental
Childs Upper Incisor Canines 37 LX2S LX1S,22.95,GBP,29,dental
BDS366,12.95,GBP,29,dental
LXSS,2.95,GBP,29,dental
BDS367,12.95,GBP,29,dental
MXBH01 INSTRUMENT KITS,7.1,GBP,29,dental
Childs Lower Teeth & Roots 123 MXBH02 Coloured instrument code tape.,7.1,GBP,29,dental
BDS368,12.95,GBP,29,dental
MXB02 99p TNT01,4.85,GBP,29,dental
TNT02 Assorted Reel,7.35,GBP,29,dental
BDS369 Tofflemire Holder with sharpening stone.,12.95,GBP,29,dental
MXBH03 holder LUX001,6.95,GBP,29,dental
MXBH03 holder LUX001,85.0,GBP,29,dental
"MXB03 Pk 12 LX3C, LX5C, LX3S, LX5S, LX2S,",1.75,GBP,29,dental
MXB04 Pk 12 LUX002,1.75,GBP,29,dental
MXB04 Pk 12 LUX002,145.0,GBP,29,dental
BDS370 All ourDental Instruments are manufactured,12.95,GBP,29,dental
spend or more & receive a10% Discount*,40.0,GBP,29,dental
or more& receive a15% Discount*,100.0,GBP,29,dental
Childs Upper Pre Molars 159 or more & receive a20% Discount* available.,200.0,GBP,29,dental
BDS372 * ONLY APPLIES TO PRODUCTS CONTAINING BDS CODES AND EXCLUDES INSTRUMENT KITS ICR01,12.95,GBP,29,dental
BDS372 * ONLY APPLIES TO PRODUCTS CONTAINING BDS CODES AND EXCLUDES INSTRUMENT KITS ICR01,4.0,GBP,29,dental
MRH01 99p BDS114 BDS10 BDS255,2.9,GBP,30,dental
MRH01 99p BDS114 BDS10 BDS255,1.6,GBP,30,dental
MRH01 99p BDS114 BDS10 BDS255,2.9,GBP,30,dental
BDS117 BDS11 BDS256,2.9,GBP,30,dental
BDS117 BDS11 BDS256,1.6,GBP,30,dental
BDS117 BDS11 BDS256,2.9,GBP,30,dental
BDS121 BDS21 BDS265,2.9,GBP,30,dental
BDS121 BDS21 BDS265,1.6,GBP,30,dental
BDS121 BDS21 BDS265,2.9,GBP,30,dental
BDS4MIRR,5.2,GBP,30,dental
Magnifying Item 266 Cumine 152,5.2,GBP,30,dental
BDS123 BDS22,2.9,GBP,30,dental
BDS123 BDS22,1.6,GBP,30,dental
BDS266,2.9,GBP,30,dental
4MH01,6.95,GBP,30,dental
Front Surface (12) BDS124 Item 268 Shepards 197,2.9,GBP,30,dental
FMH01 BDS268,10.45,GBP,30,dental
FMH01 BDS268,2.9,GBP,30,dental
RAT01,2.9,GBP,30,dental
INSTRUMENT BDS125 Item 278 Towner U15,2.9,GBP,30,dental
BDS278,2.9,GBP,30,dental
BDS170 BDS147 Scaler 204,2.9,GBP,30,dental
BDS170 BDS147 Scaler 204,2.9,GBP,30,dental
Item 222 Williams BDS204S,4.15,GBP,30,dental
ORTHODONTIC PLIERS BDS222,2.9,GBP,30,dental
BDS148,2.9,GBP,30,dental
Item 245 Jaquette 1 BDSH6/7,4.15,GBP,30,dental
BDS245,2.9,GBP,30,dental
BDS154,2.9,GBP,30,dental
BDSOP01 Item 246 Jaquette 2,12.95,GBP,30,dental
BDSMF2/3,4.15,GBP,30,dental
PROBES BDS246,2.9,GBP,30,dental
CPITN-C BDSMF4/5,4.15,GBP,30,dental
Short NOSE ADAMS CPITN-C BDS247,4.75,GBP,30,dental
Short NOSE ADAMS CPITN-C BDS247,2.9,GBP,30,dental
BDSOP02,12.95,GBP,30,dental
INSTRUMENTS BDS04 BDS248,3.15,GBP,30,dental
INSTRUMENTS BDS04 BDS248,2.9,GBP,30,dental
BDS106 BDS06 BDS249,2.9,GBP,30,dental
BDS106 BDS06 BDS249,1.6,GBP,30,dental
BDS106 BDS06 BDS249,2.9,GBP,30,dental
BDS113 BDS08 BDS251 KIT-HY,2.9,GBP,30,dental
BDS113 BDS08 BDS251 KIT-HY,1.6,GBP,30,dental
BDS113 BDS08 BDS251 KIT-HY,2.9,GBP,30,dental
BDS113 BDS08 BDS251 KIT-HY,20.95,GBP,30,dental
Spend over on BDS instruments,200.0,GBP,30,dental
BDS425,2.9,GBP,31,dental
BDS416 BDS424C reduced rate of,2.9,GBP,31,dental
BDS416 BDS424C reduced rate of,2.9,GBP,31,dental
BDS416 BDS424C reduced rate of,10.0,GBP,31,dental
BDS426,2.9,GBP,31,dental
BDS417,2.9,GBP,31,dental
Item 78 Alginate BDS427,2.9,GBP,31,dental
BDS78,2.9,GBP,31,dental
BDS418 Item 79 3 Western BDS428,2.9,GBP,31,dental
BDS418 Item 79 3 Western BDS428,2.9,GBP,31,dental
BDS79,2.9,GBP,31,dental
"SELF01 New compact, lightweight and portable",2.9,GBP,31,home-garden
ITEM 419 (CURVED) 5 GUM BDS81,2.9,GBP,31,dental
BDS419,2.9,GBP,31,dental
BDS82,2.9,GBP,31,dental
BDS420,2.9,GBP,31,dental
BDS430,2.9,GBP,31,dental
BDS86 • Totally waterproof unit enables cold,2.9,GBP,31,dental
Item 421 (STRAIGHT) Crown Bee Bee BDS431 heat and has an incredibly long life,2.9,GBP,31,dental
BDS421 • Low energy bulb has 1/15 the,2.9,GBP,31,dental
BDS422 SPEN02,2.9,GBP,31,dental
BDS422 SPEN02,6.0,GBP,31,dental
SPEN01 Bite Gauge mirror,6.0,GBP,31,dental
WBG01 PINL01,21.8,GBP,31,dental
WBG01 PINL01,49.95,GBP,31,dental
PINL02,2.95,GBP,31,dental
BDS423,2.9,GBP,31,dental
PINL03,2.95,GBP,31,dental
BDS149,2.9,GBP,31,dental
BDS4MIRR,4.95,GBP,31,dental
BDS424S BDS150 BDSWR PINL06,2.9,GBP,31,dental
BDS424S BDS150 BDSWR PINL06,2.9,GBP,31,dental
BDS424S BDS150 BDSWR PINL06,10.45,GBP,31,dental
BDS424S BDS150 BDSWR PINL06,4.95,GBP,31,dental
DMNP_ _ Large,5.0,GBP,32,dental
ILT001 1 PACK STB02 size 11 A precision gauge specially designed,6.95,GBP,32,dental
ILT001 1 PACK STB02 size 11 A precision gauge specially designed,8.95,GBP,32,dental
6 + each 6 + PACKS each STB04 size 15 for the standardisation of endodontic,4.5,GBP,32,dental
6 + each 6 + PACKS each STB04 size 15 for the standardisation of endodontic,6.25,GBP,32,dental
6 + each 6 + PACKS each STB04 size 15 for the standardisation of endodontic,8.95,GBP,32,dental
DMMNP_ _ Mini measurements. The endometer offers a,4.35,GBP,32,dental
"6 + each simple, fast and economical way to",4.15,GBP,32,dental
DMNPL01 Large,5.0,GBP,32,dental
SCH01 END01,1.95,GBP,32,dental
SCH01 END01,16.99,GBP,32,dental
DMMNPL01 Mini,4.35,GBP,32,dental
SBR,1.5,GBP,32,dental
Aluminium Perforated MONO01 box 50,3.89,GBP,32,dental
DMP_ _ Large INSTRUMENT TRAY,5.5,GBP,32,dental
DSB03 size 11,3.45,GBP,32,dental
6 + each INSERTS,5.0,GBP,32,dental
DSB05 size 15,3.45,GBP,32,dental
DMMP_ _ Mini,4.35,GBP,32,dental
6 + each,4.15,GBP,32,dental
DMPTL01 Large,5.5,GBP,32,dental
DMMPTL01 Mini,4.75,GBP,32,dental
DMALTR01 LARGE,3.25,GBP,32,dental
Mini size: 18 x 14cm ENDSTOP,8.95,GBP,32,dental
6 + LARGE each,3.0,GBP,32,dental
"_ _ Colour Code 01 Grey, 02 Blue, 03 DMALTR02 MINI",3.0,GBP,32,dental
"Red, 04 Green, 05 Yellow 6 + MINI each (Includes 2 Free Tips)",2.8,GBP,32,dental
3IN1S01,39.95,GBP,32,dental
3IN1ST01 pk of 5,9.95,GBP,32,dental
SSCG10 Green,19.5,GBP,32,dental
SSCB10 Blue,19.5,GBP,32,dental
MES01,21.5,GBP,32,dental
SSCG5 Green,14.5,GBP,32,dental
5 Rate,19.95,GBP,32,dental
Small Tray Rack SSCB5 Blue Disposable 3 IN 1 Tips Monoject 3cc endodontic syringes with,14.5,GBP,32,dental
DMNTR02 BUY any 5 get Economical white disposable tips 27g x 1.25 needles (100).,39.0,GBP,32,dental
Large Tray Rack (cheapest) one free DISTIP01 Box of 200 MES03,16.5,GBP,32,dental
Large Tray Rack (cheapest) one free DISTIP01 Box of 200 MES03,21.5,GBP,32,dental
DMNTR01 5 Rate 5 Rate,45.0,GBP,32,dental
DMNTR01 5 Rate 5 Rate,15.0,GBP,32,dental
DMNTR01 5 Rate 5 Rate,19.95,GBP,32,dental
HFI,3.75,GBP,33,dental
HRE EFI ERE (S. Steel) ASSORTMENT 25/40,3.75,GBP,33,dental
HRE EFI ERE (S. Steel) ASSORTMENT 25/40,3.95,GBP,33,dental
HRE EFI ERE (S. Steel) ASSORTMENT 25/40,3.95,GBP,33,dental
10 rate KFI PF,3.25,GBP,33,dental
10 rate KFI PF,3.75,GBP,33,dental
10 rate KFI PF,4.95,GBP,33,dental
ERE15-40 (NiTi),6.95,GBP,33,dental
10 rate,3.25,GBP,33,dental
PR Pkt 6 FP15-40 (25mm) Pkt 6 (50mm) No handles With handles Pkt 6,7.25,GBP,33,dental
PR Pkt 6 FP15-40 (25mm) Pkt 6 (50mm) No handles With handles Pkt 6,3.75,GBP,33,dental
GG 15 BB10 XXF BB01 XXXXF,7.95,GBP,33,dental
GG 15 BB10 XXF BB01 XXXXF,5.75,GBP,33,dental
GG 15 BB10 XXF BB01 XXXXF,4.25,GBP,33,dental
GG 15 BB10 XXF BB01 XXXXF,4.35,GBP,33,dental
20 BB11 XF BB02 XXXF,5.75,GBP,33,dental
20 BB11 XF BB02 XXXF,4.25,GBP,33,dental
20 BB11 XF BB02 XXXF,4.35,GBP,33,dental
25 BB12 F BB03 XXF,5.75,GBP,33,dental
25 BB12 F BB03 XXF,4.25,GBP,33,dental
25 BB12 F BB03 XXF,4.35,GBP,33,dental
30 BB13 M BB04 XF,5.75,GBP,33,dental
30 BB13 M BB04 XF,4.25,GBP,33,dental
30 BB13 M BB04 XF,4.35,GBP,33,dental
15-40 BB08 AAST BB05 F,5.75,GBP,33,dental
15-40 BB08 AAST BB05 F,4.25,GBP,33,dental
15-40 BB08 AAST BB05 F,4.35,GBP,33,dental
No handles Pkt 10 BB06 M,4.35,GBP,33,dental
BB BB07 C,4.25,GBP,33,dental
BB BB07 C,4.35,GBP,33,dental
NITI4%__ • Packs of 6 assorted 1 of each file above,12.99,GBP,33,dental
NITI6%__ NITI__,12.99,GBP,33,dental
NITI6%__ NITI__,16.99,GBP,33,dental
each each,3.49,GBP,33,dental
each each,4.75,GBP,33,dental
Medium RDRC03 Sterilisable in autoclave and dry heat. integrity on removal. Precise A-silicone impression material,5.95,GBP,34,automotive
Thin RDRC02 Quick and easy to apply. Secures a impressions eliminating remakes. Contains 300ml each base and catalyst,5.95,GBP,34,dental
Heavy RDRC05 sterile and dry operation. Contains 6 regular and 6 intra oral tips. AFFPU01 Fast,6.25,GBP,34,dental
Heavy RDRC05 sterile and dry operation. Contains 6 regular and 6 intra oral tips. AFFPU01 Fast,49.95,GBP,34,dental
"Extra Heavy RDRC06 RDF01 Regular set: work time 2.30min, set AFFPU02 Soft",6.45,GBP,34,dental
"Extra Heavy RDRC06 RDF01 Regular set: work time 2.30min, set AFFPU02 Soft",5.95,GBP,34,dental
"Extra Heavy RDRC06 RDF01 Regular set: work time 2.30min, set AFFPU02 Soft",49.95,GBP,34,dental
time 1.00 min AFFPU03 Super soft,49.95,GBP,34,dental
reg. set light body yellow,17.95,GBP,34,dental
reg. set medium body buff,17.95,GBP,34,dental
fast set light body yellow,17.95,GBP,34,dental
fast set medium body buff,17.95,GBP,34,dental
RDCH01 Available in yellow green blue and pink,15.95,GBP,34,dental
IMPTIP01 Yellow,13.75,GBP,34,dental
"Contains rubber dam, metal frame, IMPTIP03 Green",13.75,GBP,34,dental
"punch, holder and 5 clamps. A dark blue A silicone putty. 300ml IMPTIP04 Blue",13.75,GBP,34,home-garden
RBDK base 300ml catalyst IMPTIP05 White,35.0,GBP,34,dental
RBDK base 300ml catalyst IMPTIP05 White,13.75,GBP,34,dental
IMPP01 Fast set,39.95,GBP,34,dental
IMPP02 Regular set Intra oral tips pack of 100,39.95,GBP,34,dental
INTTIP01 Yellow,8.9,GBP,34,dental
INTTIP02 White,8.9,GBP,34,dental
RDP01,25.95,GBP,34,dental
RBDC _ _ _ exceeding 118°C (224°F). regular body 6611 MDW01 450,3.75,GBP,34,dental
RBDC _ _ _ exceeding 118°C (224°F). regular body 6611 MDW01 450,32.95,GBP,34,dental
RBDC _ _ _ exceeding 118°C (224°F). regular body 6611 MDW01 450,4.95,GBP,34,dental
"Assortment, one of each number. Dark Medium RDR01 AFFW02 Affinis wash fast 5 rate",7.95,GBP,34,dental
"Assortment, one of each number. Dark Medium RDR01 AFFW02 Affinis wash fast 5 rate",4.55,GBP,34,dental
RBDCKIT Light Medium RDR02 light body 6601 10 rate,37.0,GBP,34,dental
RBDCKIT Light Medium RDR02 light body 6601 10 rate,7.95,GBP,34,dental
RBDCKIT Light Medium RDR02 light body 6601 10 rate,32.95,GBP,34,dental
RBDCKIT Light Medium RDR02 light body 6601 10 rate,4.15,GBP,34,dental
KA01 per bag ALB01 bowl Lower,6.99,GBP,35,dental
KA01 per bag ALB01 bowl Lower,2.95,GBP,35,dental
10 Rate per bag ALB03 spatula POLYTL0 Small green,6.69,GBP,35,dental
10 Rate per bag ALB03 spatula POLYTL0 Small green,2.95,GBP,35,dental
10 Rate per bag ALB03 spatula POLYTL0 Small green,16.21,GBP,35,dental
20 Rate per bag ALB03 bowl & spatula POLYTL1 Medium blue,6.39,GBP,35,dental
20 Rate per bag ALB03 bowl & spatula POLYTL1 Medium blue,4.95,GBP,35,dental
20 Rate per bag ALB03 bowl & spatula POLYTL1 Medium blue,16.21,GBP,35,dental
PLUS GET 1 FREE!! POLYTL2 Large yellow,16.21,GBP,35,dental
(equals each),6.09,GBP,35,dental
POLYTU0 Small green,16.21,GBP,35,dental
POLYTU01 Medium blue,16.21,GBP,35,dental
• Rigid plastic for greater accuracy POLYTU02 Large yellow,16.21,GBP,35,dental
EA02 454g Large Upper IMPR01,5.24,GBP,35,dental
EA02 454g Large Upper IMPR01,5.35,GBP,35,dental
10 Rate each Large Lower IMPR02,4.86,GBP,35,dental
10 Rate each Large Lower IMPR02,5.35,GBP,35,dental
20 Rate each Disposable syringe for impression Medium Upper IMPR03,4.54,GBP,35,medical
20 Rate each Disposable syringe for impression Medium Upper IMPR03,5.35,GBP,35,medical
materials. Can be used angled or with Medium Lower IMPR04,5.35,GBP,35,dental
a straight tip to easily reach Small Upper IMPR05,5.35,GBP,35,dental
Small Lower IMPR06,5.35,GBP,35,dental
tightly so it can be used with liquids for Lower Right IMPR07,5.35,GBP,35,dental
prophy-paste and cement. Lower Left IMPR08 TTP01,5.35,GBP,35,dental
prophy-paste and cement. Lower Left IMPR08 TTP01,5.75,GBP,35,dental
BOX OF 100 Anterior IMPR09 3 Rate each,5.35,GBP,35,dental
BOX OF 100 Anterior IMPR09 3 Rate each,5.45,GBP,35,dental
DIS01 SPRAY ON 200ML,13.95,GBP,35,dental
Hydrogum TTS01,8.65,GBP,35,dental
3 Rate each,8.35,GBP,35,dental
HYDR01 500gm,6.75,GBP,35,dental
10 Rate each,6.4,GBP,35,dental
"20 Rate each Excellent quality impression trays, 25 in",6.2,GBP,35,dental
Upper Edentulous deep perf,5.5,GBP,35,dental
Lower Edentulous deep perf PEGO01,5.5,GBP,35,dental
Lower Edentulous deep perf PEGO01,5.5,GBP,35,dental
SIT05 No.5 3 Rate,5.25,GBP,35,dental
Upper Edentulous shallow perf,5.5,GBP,35,dental
Lower Edentulous shallow perf Upper Dentate Orthodontic plain,5.5,GBP,35,dental
Lower Edentulous shallow perf Upper Dentate Orthodontic plain,5.5,GBP,35,dental
Upper Dentate large perf Lower Dentate Orthodonticplain,5.5,GBP,35,dental
Upper Dentate large perf Lower Dentate Orthodonticplain,5.5,GBP,35,dental
"lilac colour with fruity berry flavour, extra Lower Dentate large perf Upper Dentate Small perf",5.5,GBP,35,dental
"lilac colour with fruity berry flavour, extra Lower Dentate large perf Upper Dentate Small perf",5.5,GBP,35,dental
HYDR05 453gm Upper Dentate average perf Lower Dentate Small perf,6.9,GBP,35,dental
HYDR05 453gm Upper Dentate average perf Lower Dentate Small perf,5.5,GBP,35,dental
HYDR05 453gm Upper Dentate average perf Lower Dentate Small perf,5.5,GBP,35,dental
10 Rate each SIT14 No.14 SITHO1U Tekpro universal tray adhesive,6.6,GBP,35,dental
20 Rate each Lower Dentate average perf Tray handles pack of 10 UNIV01 2 x 14ml bottles,6.4,GBP,35,dental
20 Rate each Lower Dentate average perf Tray handles pack of 10 UNIV01 2 x 14ml bottles,5.5,GBP,35,dental
20 Rate each Lower Dentate average perf Tray handles pack of 10 UNIV01 2 x 14ml bottles,5.5,GBP,35,dental
20 Rate each Lower Dentate average perf Tray handles pack of 10 UNIV01 2 x 14ml bottles,6.95,GBP,35,dental
ETCH02A,8.5,GBP,36,dental
3 Rate,8.0,GBP,36,dental
5 Rate,7.5,GBP,36,dental
• Good corrosion resistance SPIL01 1 Spill x 50,31.85,GBP,36,dental
Non-gamma 2 amalgam alloy SPIL02 2 Spill x 50,39.88,GBP,36,dental
high silver (70% Ag) SPIL03 3 Spill x 50,47.56,GBP,36,dental
• Wide occlusal plane AMARM241X 30g POA SPIL05 5 Spill x 50,71.22,GBP,36,dental
• Strong and tough plastic MCY01 BSPIL01 1 Spill x 500,279.0,GBP,36,dental
• Specially designed walls for extra Mercury 500gm Bottle BSPIL02 2 Spill x 500,23.5,GBP,36,dental
• Specially designed walls for extra Mercury 500gm Bottle BSPIL02 2 Spill x 500,342.09,GBP,36,dental
retention BSPIL03 3 Spill x 500,396.13,GBP,36,dental
• Tear resistant quality mesh BSPIL05 5 Spill x 500 BDSI Etchant Gel,627.7,GBP,36,dental
"36pcs/pack aqueous orthophosphoric acid, green in",15.35,GBP,36,dental
SSPIL1 1 Spill x 50,33.47,GBP,36,dental
SSPIL2 2 Spill x 50,41.39,GBP,36,dental
36pcs/pack dispensing into 10 applicator syringes,15.35,GBP,36,medical
SSPIL3 3 Spill x 50,49.94,GBP,36,dental
SSPIL5 5 Spill x 50,74.26,GBP,36,dental
48pcs/pack,15.35,GBP,36,dental
SBSPIL1 1 Spill x 500 Best value,303.98,GBP,36,dental
TB404 Anterior SBSPIL2 2 Spill x 500 ETCH04 50ml,359.29,GBP,36,dental
TB404 Anterior SBSPIL2 2 Spill x 500 ETCH04 50ml,22.5,GBP,36,dental
32pcs/pack,15.35,GBP,36,dental
SBSPIL3 3 Spill x 500,444.88,GBP,36,dental
SBSPIL5 5 Spill x 500,658.87,GBP,36,dental
28pcs/pack,15.35,GBP,36,dental
FSPIL1 1 Spill x 50,31.85,GBP,36,dental
Ultracaps+ FSPIL2 2 Spill x 50,39.88,GBP,36,dental
Regular Set FSPIL3 3 Spill x 50,47.56,GBP,36,dental
ALLOYS FBSPIL1 1 Spill x 500,279.0,GBP,36,dental
ULTC1 1 Spill x 50,27.56,GBP,36,dental
FBSPIL2 2 Spill x 500,342.09,GBP,36,dental
ULTC2 2 Spill x 50,35.64,GBP,36,dental
FBSPIL3 3 Spill x 500,396.13,GBP,36,dental
ULTC3 3 Spill x 50,41.41,GBP,36,dental
GS80P GS80 Powder 250g,627.7,GBP,36,dental
ULTC5 5 Spill x 50,67.79,GBP,36,dental
BULTC1 1 Spill x 500,232.35,GBP,36,dental
BULTC2 2 Spill x 500,304.16,GBP,36,dental
BULTC3 3 Spill x 500 37% Phosphoric acid thixotropic blue gel,380.12,GBP,36,dental
BULTC5 5 Spill x 500 10 x 2 ml syringes with 50 tips,546.81,GBP,36,medical
SUPERETCH01,29.5,GBP,36,dental
ULTCF1 1 Spill x 50 SUPERETCH04,27.56,GBP,36,dental
ULTCF1 1 Spill x 50 SUPERETCH04,14.95,GBP,36,dental
ULTCF2 2 Spill x 50,35.64,GBP,36,dental
BULTCF1 1 Spill x 500,232.35,GBP,36,dental
BULTCF2 2 Spill x 500,304.16,GBP,36,dental
LSPIL1 Lojic+1 Spill x 50 PSPIL1 1 Spill x 50,44.52,GBP,36,dental
LSPIL1 Lojic+1 Spill x 50 PSPIL1 1 Spill x 50,44.52,GBP,36,dental
LSPIL2 Lojic+2 Spill x 50 Full SDI range PSPIL2 2 Spill x 50,55.86,GBP,36,dental
LSPIL2 Lojic+2 Spill x 50 Full SDI range PSPIL2 2 Spill x 50,55.86,GBP,36,dental
LSPIL3 Lojic+3 Spill x 50 PSPIL3 3 Spill x 50,65.14,GBP,36,dental
LSPIL3 Lojic+3 Spill x 50 PSPIL3 3 Spill x 50,65.14,GBP,36,dental
LSPIL5 Lojic+5 Spill x 50 available – PSPIL5 5 Spill x 50,96.62,GBP,36,dental
LSPIL5 Lojic+5 Spill x 50 available – PSPIL5 5 Spill x 50,96.62,GBP,36,dental
BLSPIL1 Lojic+1 Spill x 500 BPSPIL1 1 Spill x 500 Metal Etch Tips,354.87,GBP,36,dental
BLSPIL1 Lojic+1 Spill x 500 BPSPIL1 1 Spill x 500 Metal Etch Tips,354.87,GBP,36,dental
BLSPIL2 Lojic+2 Spill x 500 please ask BPSPIL2 2 Spill x 500,450.5,GBP,36,dental
BLSPIL2 Lojic+2 Spill x 500 please ask BPSPIL2 2 Spill x 500,450.5,GBP,36,dental
BLSPIL3 Lojic+3 Spill x 500 BPSPIL3 3 Spill x 500 For Etch Gel Syringes. 50 Pack.,532.91,GBP,36,medical
BLSPIL3 Lojic+3 Spill x 500 BPSPIL3 3 Spill x 500 For Etch Gel Syringes. 50 Pack.,532.91,GBP,36,medical
BLSPIL5 Lojic+5 Spill x 500 BPSPIL5 5 Spill x 500 MET01,807.7,GBP,36,dental
BLSPIL5 Lojic+5 Spill x 500 BPSPIL5 5 Spill x 500 MET01,807.7,GBP,36,dental
BLSPIL5 Lojic+5 Spill x 500 BPSPIL5 5 Spill x 500 MET01,8.95,GBP,36,dental
Natural B2 ICE FCK01,29.95,GBP,37,dental
Natural B2 ICE FCK01,4.95,GBP,37,dental
ROK + SHADE all at microfilled hybrid composite. Designed,26.34,GBP,37,dental
Buy 3 at for both anterior and posterior,25.28,GBP,37,dental
Buy 5 at restorations. Available in:,24.23,GBP,37,dental
ICE + SHADE all at,23.97,GBP,37,dental
Buy 3 at,23.16,GBP,37,dental
Buy 5 at,22.41,GBP,37,dental
"Wave mv, Wave hv ICE + SHADE COMP",37.92,GBP,37,dental
Buy 3 at Tekpro chemical cure paste/paste Sealant Light Cured,36.56,GBP,37,dental
Buy 5 at composite. 28g kit containing: Excellent value Tekpro 6ML bottle,35.09,GBP,37,dental
mv is medium and Wave hv is high. PASTE02 FS01 Clear,19.95,GBP,37,dental
mv is medium and Wave hv is high. PASTE02 FS01 Clear,17.0,GBP,37,dental
AVAILABLE IN 14 SHADES 3 rate each FS02 Opaque,18.95,GBP,37,dental
AVAILABLE IN 14 SHADES 3 rate each FS02 Opaque,17.0,GBP,37,dental
5 rate each 4 or more rate each,17.95,GBP,37,dental
5 rate each 4 or more rate each,15.0,GBP,37,dental
WAVES BEST SELLER,7.14,GBP,37,dental
WAVEC,35.0,GBP,37,dental
LCT01,8.95,GBP,37,dental
2 Rate,7.95,GBP,37,dental
COMPAP01 • Optimal light diffusion,8.95,GBP,37,dental
COM248X3A1 Light,9.95,GBP,37,dental
COM248X3A2 Light Yellow,9.95,GBP,37,dental
COM248X3A3 Universal,9.95,GBP,37,dental
COM248X3A3.5 Dark Yellow,9.95,GBP,37,dental
Buy any 5 at each,9.25,GBP,37,dental
SDI Applicator COM248X2A1 Light cartridges for fabricating provisional,22.95,GBP,37,automotive
"COM248X2A2 Light Yellow crowns, bridges, inlays and onlays",22.95,GBP,37,dental
Strongly engineered applicator for all COM248X2A3 Universal VOSC01 cartridge 75gm,22.95,GBP,37,automotive
unidose complets COM248X2A3.5 Dark Yellow shade A3,22.95,GBP,37,dental
unidose complets COM248X2A3.5 Dark Yellow shade A3,57.5,GBP,37,dental
COMPAP,45.0,GBP,37,dental
"RIVARS _ _ (shade) thermal conductivity problems CART01 powder (universal shade), 15ml liquid,",64.5,GBP,38,automotive
"RIVARS _ _ (shade) thermal conductivity problems CART01 powder (universal shade), 15ml liquid,",22.5,GBP,38,automotive
"RIVAFS _ _ (shade) • Shades A2, A3, A3.5 in 12gm hand CRMM01 All for",64.5,GBP,38,dental
"RIVAFS _ _ (shade) • Shades A2, A3, A3.5 in 12gm hand CRMM01 All for",23.5,GBP,38,dental
Riva Light Cure AMALGA2,33.5,GBP,38,dental
AMALGA3,33.5,GBP,38,dental
AMALGA3.5,33.5,GBP,38,dental
RIVARLC _ _ (shade),68.5,GBP,38,dental
RIVASIL01,69.75,GBP,38,dental
AMALGCR Universal (CERK3) and pins. No corrosion. Fluoride,40.5,GBP,38,dental
CNC01,17.75,GBP,38,dental
1 KIT,45.0,GBP,38,dental
2 KITS each Ceramcore B silver,42.75,GBP,38,dental
5 KITS each reinforced,41.4,GBP,38,dental
1 Refill,11.7,GBP,38,dental
3 Rate each,11.2,GBP,38,dental
CERA01 AMALGINT ordering.,24.95,GBP,38,dental
CERA01 AMALGINT ordering.,159.0,GBP,38,dental
SRI01 Only,28.5,GBP,38,dental
"Kind to pulp, bonds to tooth only FUJI_ _ Only your prosthesis.",41.6,GBP,39,dental
"release, tooth coloured, Radiopaque. FUJLC and Translucent. Riva Luting Plus is a resin modified,",35.07,GBP,39,dental
"30g Powder Kit. FUJI Light cured conditioner 25g SET_ _ (Shade) box of 50 self curing, glass ionomer luting",129.0,GBP,39,dental
"CMS01 FUJICON Assorted box of 50 contains 10 of each cement, designed for final cementation",19.5,GBP,39,dental
"CMS01 FUJICON Assorted box of 50 contains 10 of each cement, designed for final cementation",20.06,GBP,39,dental
2 KIT rate each FUJI PLUS02 liquid 8g,19.0,GBP,39,dental
SET01,129.0,GBP,39,dental
"FUJIPLUS02 bridges, inlays and onlays plus ceramic",27.86,GBP,39,dental
"FUJIPLUS01 chemically bonds to dentin, enamel and",41.49,GBP,39,dental
seTpp RIVALPC,64.95,GBP,39,dental
SETPP 2 x 7g,67.95,GBP,39,dental
HFSP01,58.1,GBP,39,dental
HFL01,18.95,GBP,39,dental
Hi-Fi Liquid 10ml SET_ _ (Shade) box of 50 RIVALC for composite restoration.,125.0,GBP,39,dental
Hi-Fi Liquid 10ml SET_ _ (Shade) box of 50 RIVALC for composite restoration.,48.12,GBP,39,dental
Assorted box of 50 contains 10 of each CERI01,23.7,GBP,39,dental
HFL02,9.95,GBP,39,dental
SET01,125.0,GBP,39,dental
HFTC01,9.95,GBP,39,dental
HFDP_ _ _ RIVAPRO01 adhesion to dentine enamel and pins.,26.95,GBP,39,dental
HFDP_ _ _ RIVAPRO01 adhesion to dentine enamel and pins.,68.49,GBP,39,dental
HFP _ _ _ RIVAAPP RIVAPRO02 CRMB01,22.95,GBP,39,dental
HFP _ _ _ RIVAAPP RIVAPRO02 CRMB01,31.0,GBP,39,dental
HFP _ _ _ RIVAAPP RIVAPRO02 CRMB01,68.49,GBP,39,dental
HFP _ _ _ RIVAAPP RIVAPRO02 CRMB01,21.0,GBP,39,dental
go! VCAK01 All for,26.99,GBP,40,dental
Combi Pack VCR_ _ _ then shade each,4.5,GBP,40,dental
RZC01 rub or agitate it! Just one application is,18.5,GBP,40,dental
RZP01 go! bottle kit 1 x 5ml,10.2,GBP,40,dental
GO01,59.0,GBP,40,dental
RZL01,10.2,GBP,40,dental
CMC01,21.5,GBP,40,dental
TPB01,20.95,GBP,40,dental
TPB02,19.95,GBP,40,dental
KLZ01 40g Powder,16.95,GBP,40,dental
GO02,59.0,GBP,40,dental
KLZ02 15ml Liquid,17.95,GBP,40,dental
METP01,7.95,GBP,40,dental
temporary filling. KLZ03 40g Powder BOND701 5ml BEST,6.99,GBP,40,dental
temporary filling. KLZ03 40g Powder BOND701 5ml BEST,29.95,GBP,40,dental
CBC01 KLZ04 15ml Liquid VALUE,19.0,GBP,40,dental
CBC01 KLZ04 15ml Liquid VALUE,7.3,GBP,40,dental
ENA01,9.95,GBP,40,dental
DYC01 each Light cure self etching one step,17.0,GBP,40,dental
OCM01 CL01 BOND01 6ml + accessories ENA02,19.5,GBP,40,dental
OCM01 CL01 BOND01 6ml + accessories ENA02,11.95,GBP,40,dental
OCM01 CL01 BOND01 6ml + accessories ENA02,29.5,GBP,40,dental
OCM01 CL01 BOND01 6ml + accessories ENA02,21.95,GBP,40,dental
• Size 1⁄ 2 RSB00,2.4,GBP,41,dental
• Size 1 RSB01,2.4,GBP,41,dental
• Size 2 RSB02,2.4,GBP,41,dental
• Size 3 RSB03,2.4,GBP,41,dental
• Size 4 RSB04,2.4,GBP,41,dental
• Size 5 RSB05,2.4,GBP,41,dental
• Size 6 RSB06,2.4,GBP,41,dental
• Size 7 RSB07,2.4,GBP,41,dental
• Size 8 RSB08,2.4,GBP,41,dental
• Size 9 RSB09,4.5,GBP,41,dental
• Size 10 RSB10,4.5,GBP,41,dental
85p per bur - BUY in BULK • Size 11 RSB11,4.5,GBP,41,dental
In packs of 10 and save • Size 12 RSB12,4.5,GBP,41,dental
Buy 20 get 4 FREE = 71p each,7.2,GBP,41,dental
• Size 1⁄ 2 ICSB00,2.4,GBP,41,dental
Contains 24 burs in a box. • Size 1 ICSB01,2.4,GBP,41,dental
"Kit contains 4 x 521, 4 x 522, • Size 2 ICSB02",2.4,GBP,41,dental
"4 x 541, 4 x 542, 4 x 554, 4 x 556 • Size 3 ICSB03",2.4,GBP,41,dental
DBBUR01 • Size 4 ICSB04,19.95,GBP,41,dental
DBBUR01 • Size 4 ICSB04,2.4,GBP,41,dental
• Size 5 ICSB05,2.4,GBP,41,dental
• Size 6 ICSB06,2.4,GBP,41,dental
Bud HP Cross Cut ref 85 Bud HP Plain Cut ref 75 • Size 1⁄ 2 FFSB00,2.4,GBP,41,dental
• Size 1 FFSB01,2.4,GBP,41,dental
• ISO size 060 ACR02 • ISO size 060 ACR04,11.85,GBP,41,dental
• ISO size 060 ACR02 • ISO size 060 ACR04,11.35,GBP,41,dental
• Size 2 FFSB02,2.4,GBP,41,dental
• Size 3 FFSB03,2.4,GBP,41,dental
• Size 4 FFSB04,2.4,GBP,41,dental
• Size 5 FFSB05,2.4,GBP,41,dental
ref 87 ref 77 • Size 6 FFSB06,2.4,GBP,41,dental
• ISO size 060 ACR06 • ISO size 060 ACR07 • Size 7 FFSB07,11.85,GBP,41,dental
• ISO size 060 ACR06 • ISO size 060 ACR07 • Size 7 FFSB07,11.35,GBP,41,dental
• ISO size 060 ACR06 • ISO size 060 ACR07 • Size 7 FFSB07,2.4,GBP,41,dental
5 PER PACK 5 PER PACK,5.35,GBP,42,dental
5 PER PACK 5 PER PACK,5.35,GBP,42,dental
FINBUR_ _ Each style,4.7,GBP,42,dental
SUPA01,58.5,GBP,42,dental
SURG03 TF 702 R/A Fitting TC_ _(FG) 35 37 38 TC_ _ _ _(FG) 1557 1558,7.5,GBP,42,dental
SURG04 TF 702 H/P Fitting,7.5,GBP,42,dental
SURG01 Round 8 R/A Fitting,7.5,GBP,42,dental
SURG02 Round 8 H/P Fitting ISO Ø 1/10mm 010 012 ISO Ø 1/10mm 009 012 ( S C U oa P r A s D e) 0 R 1 e f i l l B l a c k .,7.5,GBP,42,dental
SURG02 Round 8 H/P Fitting ISO Ø 1/10mm 010 012 ISO Ø 1/10mm 009 012 ( S C U oa P r A s D e) 0 R 1 e f i l l B l a c k .,11.95,GBP,42,dental
SUPAD02,11.95,GBP,42,dental
SUPAD03,11.95,GBP,42,dental
SUPAD04,11.95,GBP,42,dental
A solid base chrome plated bur stand ISO Ø 1/10mm 012 016 021 ISO Ø 1/10mm 012 008 010 SUPAD05,11.95,GBP,42,dental
of Each. US No. 701 702 703 US No. 332 330 331 SUPAD06,11.95,GBP,42,dental
CPBS01 (12 FG burs) TC_ _ _(FG) 701 702 703 TC_ _ _(FG) 332 330 331 Shofu Super=Snap,5.95,GBP,42,dental
CPBS02 (12 RA burs) TC_ _ _(RA) 701 702 – Mandrels (Ca),5.95,GBP,42,dental
CPBS03 (6 FG 6 RA burs) TC_ _ _(HP) 701 702 –,5.95,GBP,42,dental
SUPAMAN,18.5,GBP,42,dental
PBT01,2.95,GBP,42,dental
SUPAST01,16.6,GBP,42,dental
SUPAST02,16.6,GBP,42,dental
BBL01,15.5,GBP,43,dental
SOF-FMAN quality.,15.5,GBP,43,dental
PROPH01 Buy 1 at,4.95,GBP,43,dental
Buy 2 at,4.5,GBP,43,dental
SOF-LEXpop on disc refills Buy 5 at,29.95,GBP,43,dental
SOF-LEXpop on disc refills Buy 5 at,4.25,GBP,43,dental
Standard 1/2” - 12.7mm BBS01 BBL01N,15.5,GBP,43,dental
Standard 1/2” - 12.7mm BBS01 BBL01N,15.5,GBP,43,dental
DLPP01,10.95,GBP,43,dental
BBS01N BBSN01,15.5,GBP,43,dental
BBS01N BBSN01,18.0,GBP,43,dental
PCSN01 Buy 1 bag PCL01 Buy 1 bag PCS01 Buy 1 bag,7.5,GBP,43,dental
PCSN01 Buy 1 bag PCL01 Buy 1 bag PCS01 Buy 1 bag,10.5,GBP,43,dental
PCSN01 Buy 1 bag PCL01 Buy 1 bag PCS01 Buy 1 bag,9.5,GBP,43,dental
PCSN01 Buy 5 bags each PCL01 Buy 5 bags each PCS01 Buy 5 bags each,7.0,GBP,43,dental
PCSN01 Buy 5 bags each PCL01 Buy 5 bags each PCS01 Buy 5 bags each,9.5,GBP,43,dental
PCSN01 Buy 5 bags each PCL01 Buy 5 bags each PCS01 Buy 5 bags each,9.0,GBP,43,dental
PCSN01 Buy 10 bags each PCL01 Buy 10 bags each PCS01 Buy 10 bags each,6.5,GBP,43,dental
PCSN01 Buy 10 bags each PCL01 Buy 10 bags each PCS01 Buy 10 bags each,8.5,GBP,43,dental
PCSN01 Buy 10 bags each PCL01 Buy 10 bags each PCS01 Buy 10 bags each,8.5,GBP,43,dental
ALTM01,49.5,GBP,44,dental
Canines EX-LGE Canines Lower Canines Molars ALTCR_ _ _,5.95,GBP,44,dental
ALTPM01,42.5,GBP,44,dental
per pair 20 pins + 1 drill,1.45,GBP,44,dental
…201 …202 …211 …212 60 assorted,29.95,GBP,44,dental
…201 …202 …211 …212 60 assorted,11.45,GBP,44,dental
CCFKIT,29.95,GBP,44,dental
CCFKIT,4.25,GBP,44,dental
SHELL01,27.95,GBP,44,dental
FPS01,24.95,GBP,44,dental
Temporary Crowns FPS02,24.95,GBP,44,dental
GPA01,54.95,GBP,44,dental
PTC01 PTCR – – –,42.5,GBP,44,dental
PTC01 PTCR – – –,1.95,GBP,44,dental
GPA _ _ _ _,3.65,GBP,44,dental
UPPER RIGHT CUSPID 300 301 30 31 32 33 34 6 GPARS06 GPARM06 GPARL06 GPARXL06,8.49,GBP,44,dental
BICUSP SMALL 50 51 52 53 54 - - GPK01,2.55,GBP,44,dental
L/ANTS LONG 60 61 62 63 64 - - FPD02 100 pack Blue KEY Cross,26.3,GBP,44,dental
L/ANTS SHORT 65 66 67 68 69 - - FPD02A 100 pack Green GPK02,26.3,GBP,44,dental
L/ANTS SHORT 65 66 67 68 69 - - FPD02A 100 pack Green GPK02,2.55,GBP,44,dental
FM01 Looped type,4.35,GBP,45,dental
FM02 Tie on type,4.35,GBP,45,dental
10 Box Rate Plastic Aprons,3.95,GBP,45,dental
DA01 white BLHOH01 Ladies black,7.95,GBP,45,dental
DA01 white BLHOH01 Ladies black,24.95,GBP,45,dental
DA02 blue BLHOG02 Ladies blue,7.95,GBP,45,dental
DA02 blue BLHOG02 Ladies blue,24.95,GBP,45,dental
5 Rate BLHOG03 Ladies pink,6.95,GBP,45,dental
5 Rate BLHOG03 Ladies pink,24.95,GBP,45,dental
BLHOG04 Gents black,24.95,GBP,45,dental
BLHOG05 Gents blue,24.95,GBP,45,dental
BLHOG07 Childs blue,24.95,GBP,45,dental
1 Box Rate,8.44,GBP,45,dental
5 Box Rate,7.65,GBP,45,dental
10 Box Rate,7.13,GBP,45,dental
20+ Box Rate 50 x 80cm paper bib with perforated,6.6,GBP,45,dental
BIBROLL01 white,7.95,GBP,45,dental
BVB01 1 Rate BIBROLL02 blue,2.05,GBP,45,dental
BVB01 1 Rate BIBROLL02 blue,7.95,GBP,45,dental
BVB01 5 Rate,1.95,GBP,45,dental
KGA01 Adults,6.75,GBP,45,dental
BVB01 10 Rate,1.85,GBP,45,dental
KGS02 Childrens,6.75,GBP,45,dental
1 Box Rate Two ply polythene backed absorbent glasses with side shields and Protect+ visor mask set,5.3,GBP,45,dental
5 Box Rate tissue rectangular bibs for use with bib adjustable arms with 3 size settings PVMS01,5.1,GBP,45,home-garden
10 Box Rate chains. Size 33 x 48cm. small medium large. Frame and 6 shields,4.5,GBP,45,dental
10 Box Rate chains. Size 33 x 48cm. small medium large. Frame and 6 shields,22.95,GBP,45,dental
20 Box Rate DISPAPR01 Box 500 SGA01 PVMS02 12 pack shields,4.3,GBP,45,dental
20 Box Rate DISPAPR01 Box 500 SGA01 PVMS02 12 pack shields,17.5,GBP,45,dental
20 Box Rate DISPAPR01 Box 500 SGA01 PVMS02 12 pack shields,4.95,GBP,45,dental
20 Box Rate DISPAPR01 Box 500 SGA01 PVMS02 12 pack shields,14.95,GBP,45,dental
Hand Wash WL500 and viruses including HIV,4.0,GBP,46,dental
WL1000 and MRSA.,4.0,GBP,46,dental
MIKR01 tub 200,6.75,GBP,46,dental
"needs of the NHS. MIKR02 refill 200 • Advantages - effective in 2 minutes,",6.45,GBP,46,dental
MELIF01 750ml Spray,4.49,GBP,46,dental
6 Rate,4.25,GBP,46,dental
LIFO01 500ml Pump Scrub Brushes,2.99,GBP,46,dental
6 Rate,2.79,GBP,46,dental
LIFO02 1ltr Pump SCB01 with handle dental instruments and sensitive,4.99,GBP,46,dental
LIFO02 1ltr Pump SCB01 with handle dental instruments and sensitive,1.95,GBP,46,dental
6 Rate,4.79,GBP,46,dental
SCB02 without surfaces. 5L,1.95,GBP,46,dental
NEUT01,28.5,GBP,46,dental
6 Rate,4.8,GBP,46,dental
Bulk 12 Rate,4.4,GBP,46,dental
24 Rate,4.3,GBP,46,dental
SOFT01 500ml Pump MELIW01 Tub 100 Wipes Low working concentrations:,3.69,GBP,46,dental
SOFT01 500ml Pump MELIW01 Tub 100 Wipes Low working concentrations:,3.79,GBP,46,dental
"6 Rate 6 Rate Hard surface disinfectant spray 2 % for 15 minutes, 1 % for 30",3.49,GBP,46,dental
"6 Rate 6 Rate Hard surface disinfectant spray 2 % for 15 minutes, 1 % for 30",3.59,GBP,46,dental
"SOFT02 1ltr Pump MELIW02 Refill 100 Wipes economy refill. minutes, 0.5 % for 1 hour",6.49,GBP,46,dental
"SOFT02 1ltr Pump MELIW02 Refill 100 Wipes economy refill. minutes, 0.5 % for 1 hour",2.49,GBP,46,dental
6 Rate 6 Rate SURFD01 5ltr STAB01 1ltr,6.29,GBP,46,dental
6 Rate 6 Rate SURFD01 5ltr STAB01 1ltr,2.39,GBP,46,dental
6 Rate 6 Rate SURFD01 5ltr STAB01 1ltr,17.9,GBP,46,dental
6 Rate 6 Rate SURFD01 5ltr STAB01 1ltr,13.49,GBP,46,dental
RCD01,9.35,GBP,47,dental
• Spearmint Flavour HT01 23 x 33cm Gauze Napkins,18.0,GBP,47,dental
1 Rate,6.95,GBP,47,dental
MWC01 100ml 6 Rate Sterilised Pellets.,9.99,GBP,47,dental
MWC01 100ml 6 Rate Sterilised Pellets.,6.75,GBP,47,dental
6 Rate CPJJ01,8.99,GBP,47,dental
6 Rate CPJJ01,7.5,GBP,47,dental
Rolls CPDISP01,7.5,GBP,47,dental
MCF01 DISPOSABLE CUPS,20.0,GBP,47,dental
Mixed MWT06 1 Ply white. 300mtr x 6 Rolls. THR01 1 x 10m Roll,4.4,GBP,47,dental
1 Rate,5.55,GBP,47,dental
SCF01,22.0,GBP,47,dental
5 x 10m Roll,4.1,GBP,47,dental
5 Rate 10 x 10m Roll,5.35,GBP,47,dental
5 Rate 10 x 10m Roll,3.8,GBP,47,dental
10 Rate Centre Feed Roll,5.15,GBP,47,dental
CFR01,18.25,GBP,47,dental
DC01,23.99,GBP,47,dental
20% chlorhexidine mouthwash Sosoft. Cotton Wool Rolls - DC02 All for,32.99,GBP,47,dental
1 Box Rate,5.75,GBP,47,dental
3 x 500ml assorted,39.0,GBP,47,dental
10 Box Rate,5.65,GBP,47,dental
3 x 500ml mint,39.0,GBP,47,dental
antiseptic mouthwash 2 Ply white. 125 sheets x 18 Rolls. 1 Box Rate Wall mounted,5.95,GBP,47,dental
RT01 10 Box Rate DCH001,27.95,GBP,47,dental
RT01 10 Box Rate DCH001,5.85,GBP,47,dental
RT01 10 Box Rate DCH001,17.95,GBP,47,dental
Large Tubing Covers 457mm x 53mm XRHC01 pack 250,19.95,GBP,48,dental
TUBC01 pack 250,9.95,GBP,48,dental
TUBC02 pack 250 Self Seal Autoclave,9.95,GBP,48,automotive
ACP07 59 x 127 mm,7.5,GBP,48,dental
Half Chair Cover ACP05 90 x 230 mm,7.9,GBP,48,home-garden
5 Box Rate,7.1,GBP,48,dental
10 Box Rate,6.72,GBP,48,dental
HCC01 pack 125,19.95,GBP,48,dental
ACP08 83 x 159 mm,9.59,GBP,48,dental
ACP10 135 x 278 mm,12.9,GBP,48,dental
XRSC01 pack 500,5.95,GBP,48,dental
HRDBC01 pack 250 water syringe covers 64mm x 255mm ACPR01,6.5,GBP,48,medical
AWSC01 pack 500 75mm Width,9.95,GBP,48,dental
AWSC01 pack 500 75mm Width,11.95,GBP,48,dental
100mm Width,15.95,GBP,48,dental
150mm Width,23.95,GBP,48,dental
Digital X Ray 200mm Width,29.95,GBP,48,dental
Size 0 (20x30) Box 100,11.5,GBP,48,dental
Size 1 (20x40) Box 100,11.5,GBP,48,dental
WrapAround provides a mechanical Size 2 (30x40) Box 300,30.0,GBP,48,dental
"touched during clinical procedures. Tape for light handles, control panels Size 3 (27x54) Box 100",16.5,GBP,48,medical
WABF01 DISPO01 Size 4 (54x75) Bbox 100,15.5,GBP,48,dental
WABF01 DISPO01 Size 4 (54x75) Bbox 100,39.6,GBP,48,dental
WABF01 DISPO01 Size 4 (54x75) Bbox 100,24.0,GBP,48,dental
MPA01,3.85,GBP,49,dental
MPB01 MXS01,7.95,GBP,49,dental
MPB01 MXS01,4.55,GBP,49,dental
MPC01 Tekpro applicators 100 pack,8.95,GBP,49,dental
MAP01,4.99,GBP,49,dental
MXW01 2,3.75,GBP,49,dental
GSPP01,3.9,GBP,49,dental
GSPP02,10.25,GBP,49,dental
GSF01 APB01,3.9,GBP,49,dental
GSF01 APB01,3.95,GBP,49,dental
POIN01 Medium,15.0,GBP,49,dental
POIN02 Assorted,15.0,GBP,49,dental
POIN03 Fine,15.0,GBP,49,dental
Dishes POIN04 Superfine,15.0,GBP,49,dental
5 Rate,1.5,GBP,49,dental
PDP01 Metal Etch Tips,1.99,GBP,49,dental
5 Rate Suitable for etch gel and flowable,1.5,GBP,49,home-garden
MET01,8.95,GBP,49,dental
CAT21 11mm Item 14,24.0,GBP,50,dental
CAT22 16mm,24.0,GBP,50,dental
CAT23 11mm,45.0,GBP,50,dental
CAT24 16mm,45.0,GBP,50,dental
HYGO02 Bags of 100,2.55,GBP,50,dental
Item 15 10 packs for,24.0,GBP,50,dental
STERI01 16mm tips,14.75,GBP,50,dental
STERI02 11mm tips,13.75,GBP,50,dental
BABYJET01 16mm,14.95,GBP,50,dental
used with amalgam collector Active,11.95,GBP,50,dental
Surgical Tip ASPI01 2L,19.95,GBP,50,medical
SEC01,3.9,GBP,50,dental
Item 19 10 Rate,3.68,GBP,50,dental
"Pack of 3 Surgical Tip. Pack of 3 MAT01 Bags of 100 Sterile black braided silk, box of 12 (577)",2.55,GBP,50,medical
10 packs for SUT01,21.0,GBP,50,dental
10 packs for SUT01,11.95,GBP,50,dental
10 packs for SUT01,24.0,GBP,50,dental
10 packs for SUT01,9.95,GBP,50,dental
VELCLEAN ARTIPAP01 80µ Kerr Hawe Strips,22.5,GBP,51,dental
VELCLEAN ARTIPAP01 80µ Kerr Hawe Strips,5.95,GBP,51,dental
TRANS01 8mm,4.25,GBP,51,dental
Box of 2000 Envelopes. TRANS02 6mm,4.25,GBP,51,dental
XRE01 XFH01 1 Film,16.95,GBP,51,dental
XRE01 XFH01 1 Film,2.95,GBP,51,dental
XFH02 10 Films,13.95,GBP,51,dental
See page 45 for X-Ray XFH03 14 Films,14.95,GBP,51,dental
AGFA02 Bausch,32.99,GBP,51,dental
ARTIPBRA,11.2,GBP,51,dental
ARTIPAP02,6.45,GBP,51,dental
Developer & Fixer Refill 12 z 12 thin blue 71µ MYLA01 Refill and dispenser,5.95,GBP,51,dental
ARTIC02 MYLA02 Refill,6.35,GBP,51,dental
ARTIC02 MYLA02 Refill,3.5,GBP,51,dental
XRD01,20.95,GBP,51,dental
Intra-oral x-ray films with the 2 Rate,19.5,GBP,51,dental
"offers superb quality, is easy to work XRF01 hygiene message on each one they",19.95,GBP,51,dental
"with, is soft and comfortable for the 2 Rate make a fun and educational memento",18.5,GBP,51,home-garden
E-Speed Film XRD02,20.95,GBP,51,dental
MOT04,7.99,GBP,51,dental
"Flexible, soft adult periapical X-Ray film 2 Rate",19.5,GBP,51,dental
EX01,20.95,GBP,51,dental
5 Rate each,19.9,GBP,51,dental
*Mimimum per order otherwise,30.0,GBP,51,dental
Bite Wing Tabs Royal Mail postage or,3.5,GBP,51,dental
Bite Wing Tabs Royal Mail postage or,5.0,GBP,51,dental
BWT01 XRDKO10 Developer,6.95,GBP,51,dental
BWT01 XRDKO10 Developer,6.95,GBP,51,dental
2 Rate each XRFKO01 Fixer,6.25,GBP,51,dental
2 Rate each XRFKO01 Fixer,6.95,GBP,51,dental
Standard kit • Neutral pH and desensitizing releasing desensitizing gel POLAP,17.25,GBP,52,dental
additives to minimize sensitivity • 6% Potassium nitrate Buy 3 for each,15.95,GBP,52,dental
"3% Kit • High viscosity, spearmint flavoured gel • 0.11% fluoride ions Buy 10 for each",14.95,GBP,52,dental
POLAD3,39.5,GBP,52,dental
POLAD6 Standard kit,39.5,GBP,52,dental
SOOTH1,31.5,GBP,52,dental
Buy 3 for each Contains: 10 x 1.3g Pola Night syringes,37.5,GBP,52,medical
POLAN10,39.5,GBP,52,dental
and accessories. POLAN16,39.5,GBP,52,dental
Hydrogen Peroxide 3%. Buy 3 for each,37.5,GBP,52,dental
POLADM3 Poladay 3%,22.75,GBP,52,dental
POLADM6,22.75,GBP,52,dental
Buy 3 for each Contains: 4 x 1.3g Pola Night syringes,20.0,GBP,52,medical
POLANM10,22.75,GBP,52,dental
POLAGIN,23.25,GBP,52,dental
and accessories. POLANM16,22.75,GBP,52,dental
Hydrogen Peroxide 3%. Buy 3 for each,20.0,GBP,52,dental
POLARES,24.25,GBP,52,dental
POLADB3,145.0,GBP,52,dental
POLADB6 Bulk kit Polanight 10% POLATR01,145.0,GBP,52,dental
POLADB6 Bulk kit Polanight 10% POLATR01,13.25,GBP,52,dental
Buy 3 for each Contains: 50 x 1.3g Pola Night syringes 2 hrs to overnight,136.0,GBP,52,medical
POLACASE,16.0,GBP,52,dental
POLANB10 Polanight 16%,145.0,GBP,52,dental
POLANB16,145.0,GBP,52,dental
Buy 3 for each,136.0,GBP,52,dental
POLAOFF61 rrp,36.44,GBP,53,dental
POLAOFF61 rrp,30.5,GBP,53,dental
POLAOFF63 rrp,99.4,GBP,53,dental
POLAOFF63 rrp,83.5,GBP,53,dental
"Refill syringes 3 x 2.4ml CRTA01 Adult 10 contain 8 medium, 1 green, 1 red.",8.45,GBP,53,medical
bleaching gel with 10%/16% CRTA02 Child CRTA03 Buy 1 for,8.45,GBP,53,dental
bleaching gel with 10%/16% CRTA02 Child CRTA03 Buy 1 for,2.99,GBP,53,dental
Pack of 10 for (1.99 each),19.9,GBP,53,dental
VOPB10R 10%,24.95,GBP,53,dental
Pack of 50 for (1.79 each),89.5,GBP,53,dental
VOPB16R 16%,24.95,GBP,53,dental
